-- MySQL dump 10.13  Distrib 5.7.25, for Linux (x86_64)
--
-- Host: localhost    Database: beltline
-- ------------------------------------------------------
-- Server version	5.7.25-0ubuntu0.16.04.2

/*!40101 SET @OLD_CHARACTER_SET_CLIENT=@@CHARACTER_SET_CLIENT */;
/*!40101 SET @OLD_CHARACTER_SET_RESULTS=@@CHARACTER_SET_RESULTS */;
/*!40101 SET @OLD_COLLATION_CONNECTION=@@COLLATION_CONNECTION */;
/*!40101 SET NAMES utf8 */;
/*!40103 SET @OLD_TIME_ZONE=@@TIME_ZONE */;
/*!40103 SET TIME_ZONE='+00:00' */;
/*!40014 SET @OLD_UNIQUE_CHECKS=@@UNIQUE_CHECKS, UNIQUE_CHECKS=0 */;
/*!40014 SET @OLD_FOREIGN_KEY_CHECKS=@@FOREIGN_KEY_CHECKS, FOREIGN_KEY_CHECKS=0 */;
/*!40101 SET @OLD_SQL_MODE=@@SQL_MODE, SQL_MODE='NO_AUTO_VALUE_ON_ZERO' */;
/*!40111 SET @OLD_SQL_NOTES=@@SQL_NOTES, SQL_NOTES=0 */;

--
-- Table structure for table `allusers`
--

DROP TABLE IF EXISTS `allusers`;
/*!40101 SET @saved_cs_client     = @@character_set_client */;
/*!40101 SET character_set_client = utf8 */;
CREATE TABLE `allusers` (
  `Username` varchar(255) NOT NULL,
  `Password` varchar(255) NOT NULL,
  `Status` enum('Approved','Pending','Declined') NOT NULL,
  `Firstname` varchar(255) NOT NULL,
  `Lastname` varchar(255) NOT NULL,
  `UserType` enum('User','Visitor','Employee','Employee, Visitor') NOT NULL,
  PRIMARY KEY (`Username`)
) ENGINE=InnoDB DEFAULT CHARSET=latin1;
/*!40101 SET character_set_client = @saved_cs_client */;

--
-- Dumping data for table `allusers`
--

LOCK TABLES `allusers` WRITE;
/*!40000 ALTER TABLE `allusers` DISABLE KEYS */;
INSERT INTO `allusers` VALUES ('david.smith','07f4556478cb21b005f82051ef5ca3c8','Approved','David','Smith','Employee'),('james.smith','1254737c076cf867dc53d60a0364f38e','Approved','James','Smith','Employee'),('manager1','c240642ddef994358c96da82c0361a58','Pending','Manager','One','Employee'),('manager2','8df5127cd164b5bc2d2b78410a7eea0c','Approved','Manager','Two','Employee, Visitor'),('manager3','2d3a5db4a2a9717b43698520a8de57d0','Approved','Manager','Three','Employee'),('manager4','e1ec6fc941af3ba79a4ac5242dd39735','Approved','Manager','Four','Employee, Visitor'),('manager5','029cb1d27c0b9c551703ccba2591c334','Approved','Manager','Five','Employee, Visitor'),('maria.garcia','cc0c3924b78d426700360b76db8b2403','Approved','Maria','Garcia','Employee, Visitor'),('maria.hernandez','9acd33e5f3c729eeea08bbee68b62605','Approved','Maria','Hernandez','User'),('maria.rodriguez','08ed5c4b5499407be0a438654984da36','Declined','Maria','Rodriguez','Visitor'),('mary.smith','b4e4e07c0df7185cb5df959a0074d45b','Approved','Mary','Smith','Visitor'),('michael.smith','173dafbc79fd0527ee13bcdd75ae37e1','Approved','Michael','Smith','Employee, Visitor'),('robert.smith','5bb783f424929272aa2845165cf54727','Approved','Robert','Smith','Employee'),('staff1','04d4b37015f6ba05077ae49776a76b95','Approved','Staff','One','Employee'),('staff2','3c20c4518381a51023bdd5eb2eb66977','Approved','Staff','Two','Employee, Visitor'),('staff3','308a4c22bebf60c77f158b103695d0ec','Approved','Staff','Three','Employee, Visitor'),('user1','4da49c16db42ca04538d629ef0533fe8','Pending','User','One','User'),('visitor1','377656457556736de417e2f9d7fca8a1','Approved','Visitor','One','Visitor');
/*!40000 ALTER TABLE `allusers` ENABLE KEYS */;
UNLOCK TABLES;

--
-- Table structure for table `assignto`
--

DROP TABLE IF EXISTS `assignto`;
/*!40101 SET @saved_cs_client     = @@character_set_client */;
/*!40101 SET character_set_client = utf8 */;
CREATE TABLE `assignto` (
  `StaffUsername` varchar(255) NOT NULL DEFAULT 'NONE',
  `EventName` varchar(255) NOT NULL DEFAULT 'NONE',
  `StartDate` datetime NOT NULL DEFAULT CURRENT_TIMESTAMP,
  `SiteName` varchar(255) NOT NULL DEFAULT 'NONE',
  PRIMARY KEY (`StaffUsername`,`EventName`,`StartDate`,`SiteName`)
) ENGINE=InnoDB DEFAULT CHARSET=latin1;
/*!40101 SET character_set_client = @saved_cs_client */;

--
-- Dumping data for table `assignto`
--

LOCK TABLES `assignto` WRITE;
/*!40000 ALTER TABLE `assignto` DISABLE KEYS */;
INSERT INTO `assignto` VALUES ('michael.smith','Bus Tour','2019-02-01 00:00:00','Inman Park'),('michael.smith','Bus Tour','2019-02-08 00:00:00','Inman Park'),('michael.smith','Eastside Trail','2019-02-04 00:00:00','Piedmont Park'),('michael.smith','Eastside Trail','2019-02-13 00:00:00','Historic Fourth Ward Park'),('robert.smith','Bus Tour','2019-02-08 00:00:00','Inman Park'),('robert.smith','Eastside Trail','2019-02-04 00:00:00','Inman Park'),('robert.smith','Private Bus Tour','2019-02-01 00:00:00','Inman Park'),('staff1','Eastside Trail','2019-02-04 00:00:00','Piedmont Park'),('staff1','Eastside Trail','2019-03-01 00:00:00','Inman Park'),('staff1','Official Atlanta BeltLine Bike Tour','2019-02-09 00:00:00','Atlanta BeltLine Center'),('staff1','Westside Trail','2019-02-18 00:00:00','Westview Cemetery'),('staff2','Bus Tour','2019-02-01 00:00:00','Inman Park'),('staff2','Eastside Trail','2019-02-04 00:00:00','Inman Park'),('staff3','Arboretum Walking Tour','2019-02-08 00:00:00','Inman Park'),('staff3','Westside Trail','2019-02-18 00:00:00','Westview Cemetery');
/*!40000 ALTER TABLE `assignto` ENABLE KEYS */;
UNLOCK TABLES;

--
-- Table structure for table `calendar`
--

DROP TABLE IF EXISTS `calendar`;
/*!40101 SET @saved_cs_client     = @@character_set_client */;
/*!40101 SET character_set_client = utf8 */;
CREATE TABLE `calendar` (
  `_date` date NOT NULL,
  PRIMARY KEY (`_date`)
) ENGINE=InnoDB DEFAULT CHARSET=latin1;
/*!40101 SET character_set_client = @saved_cs_client */;

--
-- Dumping data for table `calendar`
--

LOCK TABLES `calendar` WRITE;
/*!40000 ALTER TABLE `calendar` DISABLE KEYS */;
INSERT INTO `calendar` VALUES ('2010-01-01'),('2010-01-02'),('2010-01-03'),('2010-01-04'),('2010-01-05'),('2010-01-06'),('2010-01-07'),('2010-01-08'),('2010-01-09'),('2010-01-10'),('2010-01-11'),('2010-01-12'),('2010-01-13'),('2010-01-14'),('2010-01-15'),('2010-01-16'),('2010-01-17'),('2010-01-18'),('2010-01-19'),('2010-01-20'),('2010-01-21'),('2010-01-22'),('2010-01-23'),('2010-01-24'),('2010-01-25'),('2010-01-26'),('2010-01-27'),('2010-01-28'),('2010-01-29'),('2010-01-30'),('2010-01-31'),('2010-02-01'),('2010-02-02'),('2010-02-03'),('2010-02-04'),('2010-02-05'),('2010-02-06'),('2010-02-07'),('2010-02-08'),('2010-02-09'),('2010-02-10'),('2010-02-11'),('2010-02-12'),('2010-02-13'),('2010-02-14'),('2010-02-15'),('2010-02-16'),('2010-02-17'),('2010-02-18'),('2010-02-19'),('2010-02-20'),('2010-02-21'),('2010-02-22'),('2010-02-23'),('2010-02-24'),('2010-02-25'),('2010-02-26'),('2010-02-27'),('2010-02-28'),('2010-03-01'),('2010-03-02'),('2010-03-03'),('2010-03-04'),('2010-03-05'),('2010-03-06'),('2010-03-07'),('2010-03-08'),('2010-03-09'),('2010-03-10'),('2010-03-11'),('2010-03-12'),('2010-03-13'),('2010-03-14'),('2010-03-15'),('2010-03-16'),('2010-03-17'),('2010-03-18'),('2010-03-19'),('2010-03-20'),('2010-03-21'),('2010-03-22'),('2010-03-23'),('2010-03-24'),('2010-03-25'),('2010-03-26'),('2010-03-27'),('2010-03-28'),('2010-03-29'),('2010-03-30'),('2010-03-31'),('2010-04-01'),('2010-04-02'),('2010-04-03'),('2010-04-04'),('2010-04-05'),('2010-04-06'),('2010-04-07'),('2010-04-08'),('2010-04-09'),('2010-04-10'),('2010-04-11'),('2010-04-12'),('2010-04-13'),('2010-04-14'),('2010-04-15'),('2010-04-16'),('2010-04-17'),('2010-04-18'),('2010-04-19'),('2010-04-20'),('2010-04-21'),('2010-04-22'),('2010-04-23'),('2010-04-24'),('2010-04-25'),('2010-04-26'),('2010-04-27'),('2010-04-28'),('2010-04-29'),('2010-04-30'),('2010-05-01'),('2010-05-02'),('2010-05-03'),('2010-05-04'),('2010-05-05'),('2010-05-06'),('2010-05-07'),('2010-05-08'),('2010-05-09'),('2010-05-10'),('2010-05-11'),('2010-05-12'),('2010-05-13'),('2010-05-14'),('2010-05-15'),('2010-05-16'),('2010-05-17'),('2010-05-18'),('2010-05-19'),('2010-05-20'),('2010-05-21'),('2010-05-22'),('2010-05-23'),('2010-05-24'),('2010-05-25'),('2010-05-26'),('2010-05-27'),('2010-05-28'),('2010-05-29'),('2010-05-30'),('2010-05-31'),('2010-06-01'),('2010-06-02'),('2010-06-03'),('2010-06-04'),('2010-06-05'),('2010-06-06'),('2010-06-07'),('2010-06-08'),('2010-06-09'),('2010-06-10'),('2010-06-11'),('2010-06-12'),('2010-06-13'),('2010-06-14'),('2010-06-15'),('2010-06-16'),('2010-06-17'),('2010-06-18'),('2010-06-19'),('2010-06-20'),('2010-06-21'),('2010-06-22'),('2010-06-23'),('2010-06-24'),('2010-06-25'),('2010-06-26'),('2010-06-27'),('2010-06-28'),('2010-06-29'),('2010-06-30'),('2010-07-01'),('2010-07-02'),('2010-07-03'),('2010-07-04'),('2010-07-05'),('2010-07-06'),('2010-07-07'),('2010-07-08'),('2010-07-09'),('2010-07-10'),('2010-07-11'),('2010-07-12'),('2010-07-13'),('2010-07-14'),('2010-07-15'),('2010-07-16'),('2010-07-17'),('2010-07-18'),('2010-07-19'),('2010-07-20'),('2010-07-21'),('2010-07-22'),('2010-07-23'),('2010-07-24'),('2010-07-25'),('2010-07-26'),('2010-07-27'),('2010-07-28'),('2010-07-29'),('2010-07-30'),('2010-07-31'),('2010-08-01'),('2010-08-02'),('2010-08-03'),('2010-08-04'),('2010-08-05'),('2010-08-06'),('2010-08-07'),('2010-08-08'),('2010-08-09'),('2010-08-10'),('2010-08-11'),('2010-08-12'),('2010-08-13'),('2010-08-14'),('2010-08-15'),('2010-08-16'),('2010-08-17'),('2010-08-18'),('2010-08-19'),('2010-08-20'),('2010-08-21'),('2010-08-22'),('2010-08-23'),('2010-08-24'),('2010-08-25'),('2010-08-26'),('2010-08-27'),('2010-08-28'),('2010-08-29'),('2010-08-30'),('2010-08-31'),('2010-09-01'),('2010-09-02'),('2010-09-03'),('2010-09-04'),('2010-09-05'),('2010-09-06'),('2010-09-07'),('2010-09-08'),('2010-09-09'),('2010-09-10'),('2010-09-11'),('2010-09-12'),('2010-09-13'),('2010-09-14'),('2010-09-15'),('2010-09-16'),('2010-09-17'),('2010-09-18'),('2010-09-19'),('2010-09-20'),('2010-09-21'),('2010-09-22'),('2010-09-23'),('2010-09-24'),('2010-09-25'),('2010-09-26'),('2010-09-27'),('2010-09-28'),('2010-09-29'),('2010-09-30'),('2010-10-01'),('2010-10-02'),('2010-10-03'),('2010-10-04'),('2010-10-05'),('2010-10-06'),('2010-10-07'),('2010-10-08'),('2010-10-09'),('2010-10-10'),('2010-10-11'),('2010-10-12'),('2010-10-13'),('2010-10-14'),('2010-10-15'),('2010-10-16'),('2010-10-17'),('2010-10-18'),('2010-10-19'),('2010-10-20'),('2010-10-21'),('2010-10-22'),('2010-10-23'),('2010-10-24'),('2010-10-25'),('2010-10-26'),('2010-10-27'),('2010-10-28'),('2010-10-29'),('2010-10-30'),('2010-10-31'),('2010-11-01'),('2010-11-02'),('2010-11-03'),('2010-11-04'),('2010-11-05'),('2010-11-06'),('2010-11-07'),('2010-11-08'),('2010-11-09'),('2010-11-10'),('2010-11-11'),('2010-11-12'),('2010-11-13'),('2010-11-14'),('2010-11-15'),('2010-11-16'),('2010-11-17'),('2010-11-18'),('2010-11-19'),('2010-11-20'),('2010-11-21'),('2010-11-22'),('2010-11-23'),('2010-11-24'),('2010-11-25'),('2010-11-26'),('2010-11-27'),('2010-11-28'),('2010-11-29'),('2010-11-30'),('2010-12-01'),('2010-12-02'),('2010-12-03'),('2010-12-04'),('2010-12-05'),('2010-12-06'),('2010-12-07'),('2010-12-08'),('2010-12-09'),('2010-12-10'),('2010-12-11'),('2010-12-12'),('2010-12-13'),('2010-12-14'),('2010-12-15'),('2010-12-16'),('2010-12-17'),('2010-12-18'),('2010-12-19'),('2010-12-20'),('2010-12-21'),('2010-12-22'),('2010-12-23'),('2010-12-24'),('2010-12-25'),('2010-12-26'),('2010-12-27'),('2010-12-28'),('2010-12-29'),('2010-12-30'),('2010-12-31'),('2011-01-01'),('2011-01-02'),('2011-01-03'),('2011-01-04'),('2011-01-05'),('2011-01-06'),('2011-01-07'),('2011-01-08'),('2011-01-09'),('2011-01-10'),('2011-01-11'),('2011-01-12'),('2011-01-13'),('2011-01-14'),('2011-01-15'),('2011-01-16'),('2011-01-17'),('2011-01-18'),('2011-01-19'),('2011-01-20'),('2011-01-21'),('2011-01-22'),('2011-01-23'),('2011-01-24'),('2011-01-25'),('2011-01-26'),('2011-01-27'),('2011-01-28'),('2011-01-29'),('2011-01-30'),('2011-01-31'),('2011-02-01'),('2011-02-02'),('2011-02-03'),('2011-02-04'),('2011-02-05'),('2011-02-06'),('2011-02-07'),('2011-02-08'),('2011-02-09'),('2011-02-10'),('2011-02-11'),('2011-02-12'),('2011-02-13'),('2011-02-14'),('2011-02-15'),('2011-02-16'),('2011-02-17'),('2011-02-18'),('2011-02-19'),('2011-02-20'),('2011-02-21'),('2011-02-22'),('2011-02-23'),('2011-02-24'),('2011-02-25'),('2011-02-26'),('2011-02-27'),('2011-02-28'),('2011-03-01'),('2011-03-02'),('2011-03-03'),('2011-03-04'),('2011-03-05'),('2011-03-06'),('2011-03-07'),('2011-03-08'),('2011-03-09'),('2011-03-10'),('2011-03-11'),('2011-03-12'),('2011-03-13'),('2011-03-14'),('2011-03-15'),('2011-03-16'),('2011-03-17'),('2011-03-18'),('2011-03-19'),('2011-03-20'),('2011-03-21'),('2011-03-22'),('2011-03-23'),('2011-03-24'),('2011-03-25'),('2011-03-26'),('2011-03-27'),('2011-03-28'),('2011-03-29'),('2011-03-30'),('2011-03-31'),('2011-04-01'),('2011-04-02'),('2011-04-03'),('2011-04-04'),('2011-04-05'),('2011-04-06'),('2011-04-07'),('2011-04-08'),('2011-04-09'),('2011-04-10'),('2011-04-11'),('2011-04-12'),('2011-04-13'),('2011-04-14'),('2011-04-15'),('2011-04-16'),('2011-04-17'),('2011-04-18'),('2011-04-19'),('2011-04-20'),('2011-04-21'),('2011-04-22'),('2011-04-23'),('2011-04-24'),('2011-04-25'),('2011-04-26'),('2011-04-27'),('2011-04-28'),('2011-04-29'),('2011-04-30'),('2011-05-01'),('2011-05-02'),('2011-05-03'),('2011-05-04'),('2011-05-05'),('2011-05-06'),('2011-05-07'),('2011-05-08'),('2011-05-09'),('2011-05-10'),('2011-05-11'),('2011-05-12'),('2011-05-13'),('2011-05-14'),('2011-05-15'),('2011-05-16'),('2011-05-17'),('2011-05-18'),('2011-05-19'),('2011-05-20'),('2011-05-21'),('2011-05-22'),('2011-05-23'),('2011-05-24'),('2011-05-25'),('2011-05-26'),('2011-05-27'),('2011-05-28'),('2011-05-29'),('2011-05-30'),('2011-05-31'),('2011-06-01'),('2011-06-02'),('2011-06-03'),('2011-06-04'),('2011-06-05'),('2011-06-06'),('2011-06-07'),('2011-06-08'),('2011-06-09'),('2011-06-10'),('2011-06-11'),('2011-06-12'),('2011-06-13'),('2011-06-14'),('2011-06-15'),('2011-06-16'),('2011-06-17'),('2011-06-18'),('2011-06-19'),('2011-06-20'),('2011-06-21'),('2011-06-22'),('2011-06-23'),('2011-06-24'),('2011-06-25'),('2011-06-26'),('2011-06-27'),('2011-06-28'),('2011-06-29'),('2011-06-30'),('2011-07-01'),('2011-07-02'),('2011-07-03'),('2011-07-04'),('2011-07-05'),('2011-07-06'),('2011-07-07'),('2011-07-08'),('2011-07-09'),('2011-07-10'),('2011-07-11'),('2011-07-12'),('2011-07-13'),('2011-07-14'),('2011-07-15'),('2011-07-16'),('2011-07-17'),('2011-07-18'),('2011-07-19'),('2011-07-20'),('2011-07-21'),('2011-07-22'),('2011-07-23'),('2011-07-24'),('2011-07-25'),('2011-07-26'),('2011-07-27'),('2011-07-28'),('2011-07-29'),('2011-07-30'),('2011-07-31'),('2011-08-01'),('2011-08-02'),('2011-08-03'),('2011-08-04'),('2011-08-05'),('2011-08-06'),('2011-08-07'),('2011-08-08'),('2011-08-09'),('2011-08-10'),('2011-08-11'),('2011-08-12'),('2011-08-13'),('2011-08-14'),('2011-08-15'),('2011-08-16'),('2011-08-17'),('2011-08-18'),('2011-08-19'),('2011-08-20'),('2011-08-21'),('2011-08-22'),('2011-08-23'),('2011-08-24'),('2011-08-25'),('2011-08-26'),('2011-08-27'),('2011-08-28'),('2011-08-29'),('2011-08-30'),('2011-08-31'),('2011-09-01'),('2011-09-02'),('2011-09-03'),('2011-09-04'),('2011-09-05'),('2011-09-06'),('2011-09-07'),('2011-09-08'),('2011-09-09'),('2011-09-10'),('2011-09-11'),('2011-09-12'),('2011-09-13'),('2011-09-14'),('2011-09-15'),('2011-09-16'),('2011-09-17'),('2011-09-18'),('2011-09-19'),('2011-09-20'),('2011-09-21'),('2011-09-22'),('2011-09-23'),('2011-09-24'),('2011-09-25'),('2011-09-26'),('2011-09-27'),('2011-09-28'),('2011-09-29'),('2011-09-30'),('2011-10-01'),('2011-10-02'),('2011-10-03'),('2011-10-04'),('2011-10-05'),('2011-10-06'),('2011-10-07'),('2011-10-08'),('2011-10-09'),('2011-10-10'),('2011-10-11'),('2011-10-12'),('2011-10-13'),('2011-10-14'),('2011-10-15'),('2011-10-16'),('2011-10-17'),('2011-10-18'),('2011-10-19'),('2011-10-20'),('2011-10-21'),('2011-10-22'),('2011-10-23'),('2011-10-24'),('2011-10-25'),('2011-10-26'),('2011-10-27'),('2011-10-28'),('2011-10-29'),('2011-10-30'),('2011-10-31'),('2011-11-01'),('2011-11-02'),('2011-11-03'),('2011-11-04'),('2011-11-05'),('2011-11-06'),('2011-11-07'),('2011-11-08'),('2011-11-09'),('2011-11-10'),('2011-11-11'),('2011-11-12'),('2011-11-13'),('2011-11-14'),('2011-11-15'),('2011-11-16'),('2011-11-17'),('2011-11-18'),('2011-11-19'),('2011-11-20'),('2011-11-21'),('2011-11-22'),('2011-11-23'),('2011-11-24'),('2011-11-25'),('2011-11-26'),('2011-11-27'),('2011-11-28'),('2011-11-29'),('2011-11-30'),('2011-12-01'),('2011-12-02'),('2011-12-03'),('2011-12-04'),('2011-12-05'),('2011-12-06'),('2011-12-07'),('2011-12-08'),('2011-12-09'),('2011-12-10'),('2011-12-11'),('2011-12-12'),('2011-12-13'),('2011-12-14'),('2011-12-15'),('2011-12-16'),('2011-12-17'),('2011-12-18'),('2011-12-19'),('2011-12-20'),('2011-12-21'),('2011-12-22'),('2011-12-23'),('2011-12-24'),('2011-12-25'),('2011-12-26'),('2011-12-27'),('2011-12-28'),('2011-12-29'),('2011-12-30'),('2011-12-31'),('2012-01-01'),('2012-01-02'),('2012-01-03'),('2012-01-04'),('2012-01-05'),('2012-01-06'),('2012-01-07'),('2012-01-08'),('2012-01-09'),('2012-01-10'),('2012-01-11'),('2012-01-12'),('2012-01-13'),('2012-01-14'),('2012-01-15'),('2012-01-16'),('2012-01-17'),('2012-01-18'),('2012-01-19'),('2012-01-20'),('2012-01-21'),('2012-01-22'),('2012-01-23'),('2012-01-24'),('2012-01-25'),('2012-01-26'),('2012-01-27'),('2012-01-28'),('2012-01-29'),('2012-01-30'),('2012-01-31'),('2012-02-01'),('2012-02-02'),('2012-02-03'),('2012-02-04'),('2012-02-05'),('2012-02-06'),('2012-02-07'),('2012-02-08'),('2012-02-09'),('2012-02-10'),('2012-02-11'),('2012-02-12'),('2012-02-13'),('2012-02-14'),('2012-02-15'),('2012-02-16'),('2012-02-17'),('2012-02-18'),('2012-02-19'),('2012-02-20'),('2012-02-21'),('2012-02-22'),('2012-02-23'),('2012-02-24'),('2012-02-25'),('2012-02-26'),('2012-02-27'),('2012-02-28'),('2012-02-29'),('2012-03-01'),('2012-03-02'),('2012-03-03'),('2012-03-04'),('2012-03-05'),('2012-03-06'),('2012-03-07'),('2012-03-08'),('2012-03-09'),('2012-03-10'),('2012-03-11'),('2012-03-12'),('2012-03-13'),('2012-03-14'),('2012-03-15'),('2012-03-16'),('2012-03-17'),('2012-03-18'),('2012-03-19'),('2012-03-20'),('2012-03-21'),('2012-03-22'),('2012-03-23'),('2012-03-24'),('2012-03-25'),('2012-03-26'),('2012-03-27'),('2012-03-28'),('2012-03-29'),('2012-03-30'),('2012-03-31'),('2012-04-01'),('2012-04-02'),('2012-04-03'),('2012-04-04'),('2012-04-05'),('2012-04-06'),('2012-04-07'),('2012-04-08'),('2012-04-09'),('2012-04-10'),('2012-04-11'),('2012-04-12'),('2012-04-13'),('2012-04-14'),('2012-04-15'),('2012-04-16'),('2012-04-17'),('2012-04-18'),('2012-04-19'),('2012-04-20'),('2012-04-21'),('2012-04-22'),('2012-04-23'),('2012-04-24'),('2012-04-25'),('2012-04-26'),('2012-04-27'),('2012-04-28'),('2012-04-29'),('2012-04-30'),('2012-05-01'),('2012-05-02'),('2012-05-03'),('2012-05-04'),('2012-05-05'),('2012-05-06'),('2012-05-07'),('2012-05-08'),('2012-05-09'),('2012-05-10'),('2012-05-11'),('2012-05-12'),('2012-05-13'),('2012-05-14'),('2012-05-15'),('2012-05-16'),('2012-05-17'),('2012-05-18'),('2012-05-19'),('2012-05-20'),('2012-05-21'),('2012-05-22'),('2012-05-23'),('2012-05-24'),('2012-05-25'),('2012-05-26'),('2012-05-27'),('2012-05-28'),('2012-05-29'),('2012-05-30'),('2012-05-31'),('2012-06-01'),('2012-06-02'),('2012-06-03'),('2012-06-04'),('2012-06-05'),('2012-06-06'),('2012-06-07'),('2012-06-08'),('2012-06-09'),('2012-06-10'),('2012-06-11'),('2012-06-12'),('2012-06-13'),('2012-06-14'),('2012-06-15'),('2012-06-16'),('2012-06-17'),('2012-06-18'),('2012-06-19'),('2012-06-20'),('2012-06-21'),('2012-06-22'),('2012-06-23'),('2012-06-24'),('2012-06-25'),('2012-06-26'),('2012-06-27'),('2012-06-28'),('2012-06-29'),('2012-06-30'),('2012-07-01'),('2012-07-02'),('2012-07-03'),('2012-07-04'),('2012-07-05'),('2012-07-06'),('2012-07-07'),('2012-07-08'),('2012-07-09'),('2012-07-10'),('2012-07-11'),('2012-07-12'),('2012-07-13'),('2012-07-14'),('2012-07-15'),('2012-07-16'),('2012-07-17'),('2012-07-18'),('2012-07-19'),('2012-07-20'),('2012-07-21'),('2012-07-22'),('2012-07-23'),('2012-07-24'),('2012-07-25'),('2012-07-26'),('2012-07-27'),('2012-07-28'),('2012-07-29'),('2012-07-30'),('2012-07-31'),('2012-08-01'),('2012-08-02'),('2012-08-03'),('2012-08-04'),('2012-08-05'),('2012-08-06'),('2012-08-07'),('2012-08-08'),('2012-08-09'),('2012-08-10'),('2012-08-11'),('2012-08-12'),('2012-08-13'),('2012-08-14'),('2012-08-15'),('2012-08-16'),('2012-08-17'),('2012-08-18'),('2012-08-19'),('2012-08-20'),('2012-08-21'),('2012-08-22'),('2012-08-23'),('2012-08-24'),('2012-08-25'),('2012-08-26'),('2012-08-27'),('2012-08-28'),('2012-08-29'),('2012-08-30'),('2012-08-31'),('2012-09-01'),('2012-09-02'),('2012-09-03'),('2012-09-04'),('2012-09-05'),('2012-09-06'),('2012-09-07'),('2012-09-08'),('2012-09-09'),('2012-09-10'),('2012-09-11'),('2012-09-12'),('2012-09-13'),('2012-09-14'),('2012-09-15'),('2012-09-16'),('2012-09-17'),('2012-09-18'),('2012-09-19'),('2012-09-20'),('2012-09-21'),('2012-09-22'),('2012-09-23'),('2012-09-24'),('2012-09-25'),('2012-09-26'),('2012-09-27'),('2012-09-28'),('2012-09-29'),('2012-09-30'),('2012-10-01'),('2012-10-02'),('2012-10-03'),('2012-10-04'),('2012-10-05'),('2012-10-06'),('2012-10-07'),('2012-10-08'),('2012-10-09'),('2012-10-10'),('2012-10-11'),('2012-10-12'),('2012-10-13'),('2012-10-14'),('2012-10-15'),('2012-10-16'),('2012-10-17'),('2012-10-18'),('2012-10-19'),('2012-10-20'),('2012-10-21'),('2012-10-22'),('2012-10-23'),('2012-10-24'),('2012-10-25'),('2012-10-26'),('2012-10-27'),('2012-10-28'),('2012-10-29'),('2012-10-30'),('2012-10-31'),('2012-11-01'),('2012-11-02'),('2012-11-03'),('2012-11-04'),('2012-11-05'),('2012-11-06'),('2012-11-07'),('2012-11-08'),('2012-11-09'),('2012-11-10'),('2012-11-11'),('2012-11-12'),('2012-11-13'),('2012-11-14'),('2012-11-15'),('2012-11-16'),('2012-11-17'),('2012-11-18'),('2012-11-19'),('2012-11-20'),('2012-11-21'),('2012-11-22'),('2012-11-23'),('2012-11-24'),('2012-11-25'),('2012-11-26'),('2012-11-27'),('2012-11-28'),('2012-11-29'),('2012-11-30'),('2012-12-01'),('2012-12-02'),('2012-12-03'),('2012-12-04'),('2012-12-05'),('2012-12-06'),('2012-12-07'),('2012-12-08'),('2012-12-09'),('2012-12-10'),('2012-12-11'),('2012-12-12'),('2012-12-13'),('2012-12-14'),('2012-12-15'),('2012-12-16'),('2012-12-17'),('2012-12-18'),('2012-12-19'),('2012-12-20'),('2012-12-21'),('2012-12-22'),('2012-12-23'),('2012-12-24'),('2012-12-25'),('2012-12-26'),('2012-12-27'),('2012-12-28'),('2012-12-29'),('2012-12-30'),('2012-12-31'),('2013-01-01'),('2013-01-02'),('2013-01-03'),('2013-01-04'),('2013-01-05'),('2013-01-06'),('2013-01-07'),('2013-01-08'),('2013-01-09'),('2013-01-10'),('2013-01-11'),('2013-01-12'),('2013-01-13'),('2013-01-14'),('2013-01-15'),('2013-01-16'),('2013-01-17'),('2013-01-18'),('2013-01-19'),('2013-01-20'),('2013-01-21'),('2013-01-22'),('2013-01-23'),('2013-01-24'),('2013-01-25'),('2013-01-26'),('2013-01-27'),('2013-01-28'),('2013-01-29'),('2013-01-30'),('2013-01-31'),('2013-02-01'),('2013-02-02'),('2013-02-03'),('2013-02-04'),('2013-02-05'),('2013-02-06'),('2013-02-07'),('2013-02-08'),('2013-02-09'),('2013-02-10'),('2013-02-11'),('2013-02-12'),('2013-02-13'),('2013-02-14'),('2013-02-15'),('2013-02-16'),('2013-02-17'),('2013-02-18'),('2013-02-19'),('2013-02-20'),('2013-02-21'),('2013-02-22'),('2013-02-23'),('2013-02-24'),('2013-02-25'),('2013-02-26'),('2013-02-27'),('2013-02-28'),('2013-03-01'),('2013-03-02'),('2013-03-03'),('2013-03-04'),('2013-03-05'),('2013-03-06'),('2013-03-07'),('2013-03-08'),('2013-03-09'),('2013-03-10'),('2013-03-11'),('2013-03-12'),('2013-03-13'),('2013-03-14'),('2013-03-15'),('2013-03-16'),('2013-03-17'),('2013-03-18'),('2013-03-19'),('2013-03-20'),('2013-03-21'),('2013-03-22'),('2013-03-23'),('2013-03-24'),('2013-03-25'),('2013-03-26'),('2013-03-27'),('2013-03-28'),('2013-03-29'),('2013-03-30'),('2013-03-31'),('2013-04-01'),('2013-04-02'),('2013-04-03'),('2013-04-04'),('2013-04-05'),('2013-04-06'),('2013-04-07'),('2013-04-08'),('2013-04-09'),('2013-04-10'),('2013-04-11'),('2013-04-12'),('2013-04-13'),('2013-04-14'),('2013-04-15'),('2013-04-16'),('2013-04-17'),('2013-04-18'),('2013-04-19'),('2013-04-20'),('2013-04-21'),('2013-04-22'),('2013-04-23'),('2013-04-24'),('2013-04-25'),('2013-04-26'),('2013-04-27'),('2013-04-28'),('2013-04-29'),('2013-04-30'),('2013-05-01'),('2013-05-02'),('2013-05-03'),('2013-05-04'),('2013-05-05'),('2013-05-06'),('2013-05-07'),('2013-05-08'),('2013-05-09'),('2013-05-10'),('2013-05-11'),('2013-05-12'),('2013-05-13'),('2013-05-14'),('2013-05-15'),('2013-05-16'),('2013-05-17'),('2013-05-18'),('2013-05-19'),('2013-05-20'),('2013-05-21'),('2013-05-22'),('2013-05-23'),('2013-05-24'),('2013-05-25'),('2013-05-26'),('2013-05-27'),('2013-05-28'),('2013-05-29'),('2013-05-30'),('2013-05-31'),('2013-06-01'),('2013-06-02'),('2013-06-03'),('2013-06-04'),('2013-06-05'),('2013-06-06'),('2013-06-07'),('2013-06-08'),('2013-06-09'),('2013-06-10'),('2013-06-11'),('2013-06-12'),('2013-06-13'),('2013-06-14'),('2013-06-15'),('2013-06-16'),('2013-06-17'),('2013-06-18'),('2013-06-19'),('2013-06-20'),('2013-06-21'),('2013-06-22'),('2013-06-23'),('2013-06-24'),('2013-06-25'),('2013-06-26'),('2013-06-27'),('2013-06-28'),('2013-06-29'),('2013-06-30'),('2013-07-01'),('2013-07-02'),('2013-07-03'),('2013-07-04'),('2013-07-05'),('2013-07-06'),('2013-07-07'),('2013-07-08'),('2013-07-09'),('2013-07-10'),('2013-07-11'),('2013-07-12'),('2013-07-13'),('2013-07-14'),('2013-07-15'),('2013-07-16'),('2013-07-17'),('2013-07-18'),('2013-07-19'),('2013-07-20'),('2013-07-21'),('2013-07-22'),('2013-07-23'),('2013-07-24'),('2013-07-25'),('2013-07-26'),('2013-07-27'),('2013-07-28'),('2013-07-29'),('2013-07-30'),('2013-07-31'),('2013-08-01'),('2013-08-02'),('2013-08-03'),('2013-08-04'),('2013-08-05'),('2013-08-06'),('2013-08-07'),('2013-08-08'),('2013-08-09'),('2013-08-10'),('2013-08-11'),('2013-08-12'),('2013-08-13'),('2013-08-14'),('2013-08-15'),('2013-08-16'),('2013-08-17'),('2013-08-18'),('2013-08-19'),('2013-08-20'),('2013-08-21'),('2013-08-22'),('2013-08-23'),('2013-08-24'),('2013-08-25'),('2013-08-26'),('2013-08-27'),('2013-08-28'),('2013-08-29'),('2013-08-30'),('2013-08-31'),('2013-09-01'),('2013-09-02'),('2013-09-03'),('2013-09-04'),('2013-09-05'),('2013-09-06'),('2013-09-07'),('2013-09-08'),('2013-09-09'),('2013-09-10'),('2013-09-11'),('2013-09-12'),('2013-09-13'),('2013-09-14'),('2013-09-15'),('2013-09-16'),('2013-09-17'),('2013-09-18'),('2013-09-19'),('2013-09-20'),('2013-09-21'),('2013-09-22'),('2013-09-23'),('2013-09-24'),('2013-09-25'),('2013-09-26'),('2013-09-27'),('2013-09-28'),('2013-09-29'),('2013-09-30'),('2013-10-01'),('2013-10-02'),('2013-10-03'),('2013-10-04'),('2013-10-05'),('2013-10-06'),('2013-10-07'),('2013-10-08'),('2013-10-09'),('2013-10-10'),('2013-10-11'),('2013-10-12'),('2013-10-13'),('2013-10-14'),('2013-10-15'),('2013-10-16'),('2013-10-17'),('2013-10-18'),('2013-10-19'),('2013-10-20'),('2013-10-21'),('2013-10-22'),('2013-10-23'),('2013-10-24'),('2013-10-25'),('2013-10-26'),('2013-10-27'),('2013-10-28'),('2013-10-29'),('2013-10-30'),('2013-10-31'),('2013-11-01'),('2013-11-02'),('2013-11-03'),('2013-11-04'),('2013-11-05'),('2013-11-06'),('2013-11-07'),('2013-11-08'),('2013-11-09'),('2013-11-10'),('2013-11-11'),('2013-11-12'),('2013-11-13'),('2013-11-14'),('2013-11-15'),('2013-11-16'),('2013-11-17'),('2013-11-18'),('2013-11-19'),('2013-11-20'),('2013-11-21'),('2013-11-22'),('2013-11-23'),('2013-11-24'),('2013-11-25'),('2013-11-26'),('2013-11-27'),('2013-11-28'),('2013-11-29'),('2013-11-30'),('2013-12-01'),('2013-12-02'),('2013-12-03'),('2013-12-04'),('2013-12-05'),('2013-12-06'),('2013-12-07'),('2013-12-08'),('2013-12-09'),('2013-12-10'),('2013-12-11'),('2013-12-12'),('2013-12-13'),('2013-12-14'),('2013-12-15'),('2013-12-16'),('2013-12-17'),('2013-12-18'),('2013-12-19'),('2013-12-20'),('2013-12-21'),('2013-12-22'),('2013-12-23'),('2013-12-24'),('2013-12-25'),('2013-12-26'),('2013-12-27'),('2013-12-28'),('2013-12-29'),('2013-12-30'),('2013-12-31'),('2014-01-01'),('2014-01-02'),('2014-01-03'),('2014-01-04'),('2014-01-05'),('2014-01-06'),('2014-01-07'),('2014-01-08'),('2014-01-09'),('2014-01-10'),('2014-01-11'),('2014-01-12'),('2014-01-13'),('2014-01-14'),('2014-01-15'),('2014-01-16'),('2014-01-17'),('2014-01-18'),('2014-01-19'),('2014-01-20'),('2014-01-21'),('2014-01-22'),('2014-01-23'),('2014-01-24'),('2014-01-25'),('2014-01-26'),('2014-01-27'),('2014-01-28'),('2014-01-29'),('2014-01-30'),('2014-01-31'),('2014-02-01'),('2014-02-02'),('2014-02-03'),('2014-02-04'),('2014-02-05'),('2014-02-06'),('2014-02-07'),('2014-02-08'),('2014-02-09'),('2014-02-10'),('2014-02-11'),('2014-02-12'),('2014-02-13'),('2014-02-14'),('2014-02-15'),('2014-02-16'),('2014-02-17'),('2014-02-18'),('2014-02-19'),('2014-02-20'),('2014-02-21'),('2014-02-22'),('2014-02-23'),('2014-02-24'),('2014-02-25'),('2014-02-26'),('2014-02-27'),('2014-02-28'),('2014-03-01'),('2014-03-02'),('2014-03-03'),('2014-03-04'),('2014-03-05'),('2014-03-06'),('2014-03-07'),('2014-03-08'),('2014-03-09'),('2014-03-10'),('2014-03-11'),('2014-03-12'),('2014-03-13'),('2014-03-14'),('2014-03-15'),('2014-03-16'),('2014-03-17'),('2014-03-18'),('2014-03-19'),('2014-03-20'),('2014-03-21'),('2014-03-22'),('2014-03-23'),('2014-03-24'),('2014-03-25'),('2014-03-26'),('2014-03-27'),('2014-03-28'),('2014-03-29'),('2014-03-30'),('2014-03-31'),('2014-04-01'),('2014-04-02'),('2014-04-03'),('2014-04-04'),('2014-04-05'),('2014-04-06'),('2014-04-07'),('2014-04-08'),('2014-04-09'),('2014-04-10'),('2014-04-11'),('2014-04-12'),('2014-04-13'),('2014-04-14'),('2014-04-15'),('2014-04-16'),('2014-04-17'),('2014-04-18'),('2014-04-19'),('2014-04-20'),('2014-04-21'),('2014-04-22'),('2014-04-23'),('2014-04-24'),('2014-04-25'),('2014-04-26'),('2014-04-27'),('2014-04-28'),('2014-04-29'),('2014-04-30'),('2014-05-01'),('2014-05-02'),('2014-05-03'),('2014-05-04'),('2014-05-05'),('2014-05-06'),('2014-05-07'),('2014-05-08'),('2014-05-09'),('2014-05-10'),('2014-05-11'),('2014-05-12'),('2014-05-13'),('2014-05-14'),('2014-05-15'),('2014-05-16'),('2014-05-17'),('2014-05-18'),('2014-05-19'),('2014-05-20'),('2014-05-21'),('2014-05-22'),('2014-05-23'),('2014-05-24'),('2014-05-25'),('2014-05-26'),('2014-05-27'),('2014-05-28'),('2014-05-29'),('2014-05-30'),('2014-05-31'),('2014-06-01'),('2014-06-02'),('2014-06-03'),('2014-06-04'),('2014-06-05'),('2014-06-06'),('2014-06-07'),('2014-06-08'),('2014-06-09'),('2014-06-10'),('2014-06-11'),('2014-06-12'),('2014-06-13'),('2014-06-14'),('2014-06-15'),('2014-06-16'),('2014-06-17'),('2014-06-18'),('2014-06-19'),('2014-06-20'),('2014-06-21'),('2014-06-22'),('2014-06-23'),('2014-06-24'),('2014-06-25'),('2014-06-26'),('2014-06-27'),('2014-06-28'),('2014-06-29'),('2014-06-30'),('2014-07-01'),('2014-07-02'),('2014-07-03'),('2014-07-04'),('2014-07-05'),('2014-07-06'),('2014-07-07'),('2014-07-08'),('2014-07-09'),('2014-07-10'),('2014-07-11'),('2014-07-12'),('2014-07-13'),('2014-07-14'),('2014-07-15'),('2014-07-16'),('2014-07-17'),('2014-07-18'),('2014-07-19'),('2014-07-20'),('2014-07-21'),('2014-07-22'),('2014-07-23'),('2014-07-24'),('2014-07-25'),('2014-07-26'),('2014-07-27'),('2014-07-28'),('2014-07-29'),('2014-07-30'),('2014-07-31'),('2014-08-01'),('2014-08-02'),('2014-08-03'),('2014-08-04'),('2014-08-05'),('2014-08-06'),('2014-08-07'),('2014-08-08'),('2014-08-09'),('2014-08-10'),('2014-08-11'),('2014-08-12'),('2014-08-13'),('2014-08-14'),('2014-08-15'),('2014-08-16'),('2014-08-17'),('2014-08-18'),('2014-08-19'),('2014-08-20'),('2014-08-21'),('2014-08-22'),('2014-08-23'),('2014-08-24'),('2014-08-25'),('2014-08-26'),('2014-08-27'),('2014-08-28'),('2014-08-29'),('2014-08-30'),('2014-08-31'),('2014-09-01'),('2014-09-02'),('2014-09-03'),('2014-09-04'),('2014-09-05'),('2014-09-06'),('2014-09-07'),('2014-09-08'),('2014-09-09'),('2014-09-10'),('2014-09-11'),('2014-09-12'),('2014-09-13'),('2014-09-14'),('2014-09-15'),('2014-09-16'),('2014-09-17'),('2014-09-18'),('2014-09-19'),('2014-09-20'),('2014-09-21'),('2014-09-22'),('2014-09-23'),('2014-09-24'),('2014-09-25'),('2014-09-26'),('2014-09-27'),('2014-09-28'),('2014-09-29'),('2014-09-30'),('2014-10-01'),('2014-10-02'),('2014-10-03'),('2014-10-04'),('2014-10-05'),('2014-10-06'),('2014-10-07'),('2014-10-08'),('2014-10-09'),('2014-10-10'),('2014-10-11'),('2014-10-12'),('2014-10-13'),('2014-10-14'),('2014-10-15'),('2014-10-16'),('2014-10-17'),('2014-10-18'),('2014-10-19'),('2014-10-20'),('2014-10-21'),('2014-10-22'),('2014-10-23'),('2014-10-24'),('2014-10-25'),('2014-10-26'),('2014-10-27'),('2014-10-28'),('2014-10-29'),('2014-10-30'),('2014-10-31'),('2014-11-01'),('2014-11-02'),('2014-11-03'),('2014-11-04'),('2014-11-05'),('2014-11-06'),('2014-11-07'),('2014-11-08'),('2014-11-09'),('2014-11-10'),('2014-11-11'),('2014-11-12'),('2014-11-13'),('2014-11-14'),('2014-11-15'),('2014-11-16'),('2014-11-17'),('2014-11-18'),('2014-11-19'),('2014-11-20'),('2014-11-21'),('2014-11-22'),('2014-11-23'),('2014-11-24'),('2014-11-25'),('2014-11-26'),('2014-11-27'),('2014-11-28'),('2014-11-29'),('2014-11-30'),('2014-12-01'),('2014-12-02'),('2014-12-03'),('2014-12-04'),('2014-12-05'),('2014-12-06'),('2014-12-07'),('2014-12-08'),('2014-12-09'),('2014-12-10'),('2014-12-11'),('2014-12-12'),('2014-12-13'),('2014-12-14'),('2014-12-15'),('2014-12-16'),('2014-12-17'),('2014-12-18'),('2014-12-19'),('2014-12-20'),('2014-12-21'),('2014-12-22'),('2014-12-23'),('2014-12-24'),('2014-12-25'),('2014-12-26'),('2014-12-27'),('2014-12-28'),('2014-12-29'),('2014-12-30'),('2014-12-31'),('2015-01-01'),('2015-01-02'),('2015-01-03'),('2015-01-04'),('2015-01-05'),('2015-01-06'),('2015-01-07'),('2015-01-08'),('2015-01-09'),('2015-01-10'),('2015-01-11'),('2015-01-12'),('2015-01-13'),('2015-01-14'),('2015-01-15'),('2015-01-16'),('2015-01-17'),('2015-01-18'),('2015-01-19'),('2015-01-20'),('2015-01-21'),('2015-01-22'),('2015-01-23'),('2015-01-24'),('2015-01-25'),('2015-01-26'),('2015-01-27'),('2015-01-28'),('2015-01-29'),('2015-01-30'),('2015-01-31'),('2015-02-01'),('2015-02-02'),('2015-02-03'),('2015-02-04'),('2015-02-05'),('2015-02-06'),('2015-02-07'),('2015-02-08'),('2015-02-09'),('2015-02-10'),('2015-02-11'),('2015-02-12'),('2015-02-13'),('2015-02-14'),('2015-02-15'),('2015-02-16'),('2015-02-17'),('2015-02-18'),('2015-02-19'),('2015-02-20'),('2015-02-21'),('2015-02-22'),('2015-02-23'),('2015-02-24'),('2015-02-25'),('2015-02-26'),('2015-02-27'),('2015-02-28'),('2015-03-01'),('2015-03-02'),('2015-03-03'),('2015-03-04'),('2015-03-05'),('2015-03-06'),('2015-03-07'),('2015-03-08'),('2015-03-09'),('2015-03-10'),('2015-03-11'),('2015-03-12'),('2015-03-13'),('2015-03-14'),('2015-03-15'),('2015-03-16'),('2015-03-17'),('2015-03-18'),('2015-03-19'),('2015-03-20'),('2015-03-21'),('2015-03-22'),('2015-03-23'),('2015-03-24'),('2015-03-25'),('2015-03-26'),('2015-03-27'),('2015-03-28'),('2015-03-29'),('2015-03-30'),('2015-03-31'),('2015-04-01'),('2015-04-02'),('2015-04-03'),('2015-04-04'),('2015-04-05'),('2015-04-06'),('2015-04-07'),('2015-04-08'),('2015-04-09'),('2015-04-10'),('2015-04-11'),('2015-04-12'),('2015-04-13'),('2015-04-14'),('2015-04-15'),('2015-04-16'),('2015-04-17'),('2015-04-18'),('2015-04-19'),('2015-04-20'),('2015-04-21'),('2015-04-22'),('2015-04-23'),('2015-04-24'),('2015-04-25'),('2015-04-26'),('2015-04-27'),('2015-04-28'),('2015-04-29'),('2015-04-30'),('2015-05-01'),('2015-05-02'),('2015-05-03'),('2015-05-04'),('2015-05-05'),('2015-05-06'),('2015-05-07'),('2015-05-08'),('2015-05-09'),('2015-05-10'),('2015-05-11'),('2015-05-12'),('2015-05-13'),('2015-05-14'),('2015-05-15'),('2015-05-16'),('2015-05-17'),('2015-05-18'),('2015-05-19'),('2015-05-20'),('2015-05-21'),('2015-05-22'),('2015-05-23'),('2015-05-24'),('2015-05-25'),('2015-05-26'),('2015-05-27'),('2015-05-28'),('2015-05-29'),('2015-05-30'),('2015-05-31'),('2015-06-01'),('2015-06-02'),('2015-06-03'),('2015-06-04'),('2015-06-05'),('2015-06-06'),('2015-06-07'),('2015-06-08'),('2015-06-09'),('2015-06-10'),('2015-06-11'),('2015-06-12'),('2015-06-13'),('2015-06-14'),('2015-06-15'),('2015-06-16'),('2015-06-17'),('2015-06-18'),('2015-06-19'),('2015-06-20'),('2015-06-21'),('2015-06-22'),('2015-06-23'),('2015-06-24'),('2015-06-25'),('2015-06-26'),('2015-06-27'),('2015-06-28'),('2015-06-29'),('2015-06-30'),('2015-07-01'),('2015-07-02'),('2015-07-03'),('2015-07-04'),('2015-07-05'),('2015-07-06'),('2015-07-07'),('2015-07-08'),('2015-07-09'),('2015-07-10'),('2015-07-11'),('2015-07-12'),('2015-07-13'),('2015-07-14'),('2015-07-15'),('2015-07-16'),('2015-07-17'),('2015-07-18'),('2015-07-19'),('2015-07-20'),('2015-07-21'),('2015-07-22'),('2015-07-23'),('2015-07-24'),('2015-07-25'),('2015-07-26'),('2015-07-27'),('2015-07-28'),('2015-07-29'),('2015-07-30'),('2015-07-31'),('2015-08-01'),('2015-08-02'),('2015-08-03'),('2015-08-04'),('2015-08-05'),('2015-08-06'),('2015-08-07'),('2015-08-08'),('2015-08-09'),('2015-08-10'),('2015-08-11'),('2015-08-12'),('2015-08-13'),('2015-08-14'),('2015-08-15'),('2015-08-16'),('2015-08-17'),('2015-08-18'),('2015-08-19'),('2015-08-20'),('2015-08-21'),('2015-08-22'),('2015-08-23'),('2015-08-24'),('2015-08-25'),('2015-08-26'),('2015-08-27'),('2015-08-28'),('2015-08-29'),('2015-08-30'),('2015-08-31'),('2015-09-01'),('2015-09-02'),('2015-09-03'),('2015-09-04'),('2015-09-05'),('2015-09-06'),('2015-09-07'),('2015-09-08'),('2015-09-09'),('2015-09-10'),('2015-09-11'),('2015-09-12'),('2015-09-13'),('2015-09-14'),('2015-09-15'),('2015-09-16'),('2015-09-17'),('2015-09-18'),('2015-09-19'),('2015-09-20'),('2015-09-21'),('2015-09-22'),('2015-09-23'),('2015-09-24'),('2015-09-25'),('2015-09-26'),('2015-09-27'),('2015-09-28'),('2015-09-29'),('2015-09-30'),('2015-10-01'),('2015-10-02'),('2015-10-03'),('2015-10-04'),('2015-10-05'),('2015-10-06'),('2015-10-07'),('2015-10-08'),('2015-10-09'),('2015-10-10'),('2015-10-11'),('2015-10-12'),('2015-10-13'),('2015-10-14'),('2015-10-15'),('2015-10-16'),('2015-10-17'),('2015-10-18'),('2015-10-19'),('2015-10-20'),('2015-10-21'),('2015-10-22'),('2015-10-23'),('2015-10-24'),('2015-10-25'),('2015-10-26'),('2015-10-27'),('2015-10-28'),('2015-10-29'),('2015-10-30'),('2015-10-31'),('2015-11-01'),('2015-11-02'),('2015-11-03'),('2015-11-04'),('2015-11-05'),('2015-11-06'),('2015-11-07'),('2015-11-08'),('2015-11-09'),('2015-11-10'),('2015-11-11'),('2015-11-12'),('2015-11-13'),('2015-11-14'),('2015-11-15'),('2015-11-16'),('2015-11-17'),('2015-11-18'),('2015-11-19'),('2015-11-20'),('2015-11-21'),('2015-11-22'),('2015-11-23'),('2015-11-24'),('2015-11-25'),('2015-11-26'),('2015-11-27'),('2015-11-28'),('2015-11-29'),('2015-11-30'),('2015-12-01'),('2015-12-02'),('2015-12-03'),('2015-12-04'),('2015-12-05'),('2015-12-06'),('2015-12-07'),('2015-12-08'),('2015-12-09'),('2015-12-10'),('2015-12-11'),('2015-12-12'),('2015-12-13'),('2015-12-14'),('2015-12-15'),('2015-12-16'),('2015-12-17'),('2015-12-18'),('2015-12-19'),('2015-12-20'),('2015-12-21'),('2015-12-22'),('2015-12-23'),('2015-12-24'),('2015-12-25'),('2015-12-26'),('2015-12-27'),('2015-12-28'),('2015-12-29'),('2015-12-30'),('2015-12-31'),('2016-01-01'),('2016-01-02'),('2016-01-03'),('2016-01-04'),('2016-01-05'),('2016-01-06'),('2016-01-07'),('2016-01-08'),('2016-01-09'),('2016-01-10'),('2016-01-11'),('2016-01-12'),('2016-01-13'),('2016-01-14'),('2016-01-15'),('2016-01-16'),('2016-01-17'),('2016-01-18'),('2016-01-19'),('2016-01-20'),('2016-01-21'),('2016-01-22'),('2016-01-23'),('2016-01-24'),('2016-01-25'),('2016-01-26'),('2016-01-27'),('2016-01-28'),('2016-01-29'),('2016-01-30'),('2016-01-31'),('2016-02-01'),('2016-02-02'),('2016-02-03'),('2016-02-04'),('2016-02-05'),('2016-02-06'),('2016-02-07'),('2016-02-08'),('2016-02-09'),('2016-02-10'),('2016-02-11'),('2016-02-12'),('2016-02-13'),('2016-02-14'),('2016-02-15'),('2016-02-16'),('2016-02-17'),('2016-02-18'),('2016-02-19'),('2016-02-20'),('2016-02-21'),('2016-02-22'),('2016-02-23'),('2016-02-24'),('2016-02-25'),('2016-02-26'),('2016-02-27'),('2016-02-28'),('2016-02-29'),('2016-03-01'),('2016-03-02'),('2016-03-03'),('2016-03-04'),('2016-03-05'),('2016-03-06'),('2016-03-07'),('2016-03-08'),('2016-03-09'),('2016-03-10'),('2016-03-11'),('2016-03-12'),('2016-03-13'),('2016-03-14'),('2016-03-15'),('2016-03-16'),('2016-03-17'),('2016-03-18'),('2016-03-19'),('2016-03-20'),('2016-03-21'),('2016-03-22'),('2016-03-23'),('2016-03-24'),('2016-03-25'),('2016-03-26'),('2016-03-27'),('2016-03-28'),('2016-03-29'),('2016-03-30'),('2016-03-31'),('2016-04-01'),('2016-04-02'),('2016-04-03'),('2016-04-04'),('2016-04-05'),('2016-04-06'),('2016-04-07'),('2016-04-08'),('2016-04-09'),('2016-04-10'),('2016-04-11'),('2016-04-12'),('2016-04-13'),('2016-04-14'),('2016-04-15'),('2016-04-16'),('2016-04-17'),('2016-04-18'),('2016-04-19'),('2016-04-20'),('2016-04-21'),('2016-04-22'),('2016-04-23'),('2016-04-24'),('2016-04-25'),('2016-04-26'),('2016-04-27'),('2016-04-28'),('2016-04-29'),('2016-04-30'),('2016-05-01'),('2016-05-02'),('2016-05-03'),('2016-05-04'),('2016-05-05'),('2016-05-06'),('2016-05-07'),('2016-05-08'),('2016-05-09'),('2016-05-10'),('2016-05-11'),('2016-05-12'),('2016-05-13'),('2016-05-14'),('2016-05-15'),('2016-05-16'),('2016-05-17'),('2016-05-18'),('2016-05-19'),('2016-05-20'),('2016-05-21'),('2016-05-22'),('2016-05-23'),('2016-05-24'),('2016-05-25'),('2016-05-26'),('2016-05-27'),('2016-05-28'),('2016-05-29'),('2016-05-30'),('2016-05-31'),('2016-06-01'),('2016-06-02'),('2016-06-03'),('2016-06-04'),('2016-06-05'),('2016-06-06'),('2016-06-07'),('2016-06-08'),('2016-06-09'),('2016-06-10'),('2016-06-11'),('2016-06-12'),('2016-06-13'),('2016-06-14'),('2016-06-15'),('2016-06-16'),('2016-06-17'),('2016-06-18'),('2016-06-19'),('2016-06-20'),('2016-06-21'),('2016-06-22'),('2016-06-23'),('2016-06-24'),('2016-06-25'),('2016-06-26'),('2016-06-27'),('2016-06-28'),('2016-06-29'),('2016-06-30'),('2016-07-01'),('2016-07-02'),('2016-07-03'),('2016-07-04'),('2016-07-05'),('2016-07-06'),('2016-07-07'),('2016-07-08'),('2016-07-09'),('2016-07-10'),('2016-07-11'),('2016-07-12'),('2016-07-13'),('2016-07-14'),('2016-07-15'),('2016-07-16'),('2016-07-17'),('2016-07-18'),('2016-07-19'),('2016-07-20'),('2016-07-21'),('2016-07-22'),('2016-07-23'),('2016-07-24'),('2016-07-25'),('2016-07-26'),('2016-07-27'),('2016-07-28'),('2016-07-29'),('2016-07-30'),('2016-07-31'),('2016-08-01'),('2016-08-02'),('2016-08-03'),('2016-08-04'),('2016-08-05'),('2016-08-06'),('2016-08-07'),('2016-08-08'),('2016-08-09'),('2016-08-10'),('2016-08-11'),('2016-08-12'),('2016-08-13'),('2016-08-14'),('2016-08-15'),('2016-08-16'),('2016-08-17'),('2016-08-18'),('2016-08-19'),('2016-08-20'),('2016-08-21'),('2016-08-22'),('2016-08-23'),('2016-08-24'),('2016-08-25'),('2016-08-26'),('2016-08-27'),('2016-08-28'),('2016-08-29'),('2016-08-30'),('2016-08-31'),('2016-09-01'),('2016-09-02'),('2016-09-03'),('2016-09-04'),('2016-09-05'),('2016-09-06'),('2016-09-07'),('2016-09-08'),('2016-09-09'),('2016-09-10'),('2016-09-11'),('2016-09-12'),('2016-09-13'),('2016-09-14'),('2016-09-15'),('2016-09-16'),('2016-09-17'),('2016-09-18'),('2016-09-19'),('2016-09-20'),('2016-09-21'),('2016-09-22'),('2016-09-23'),('2016-09-24'),('2016-09-25'),('2016-09-26'),('2016-09-27'),('2016-09-28'),('2016-09-29'),('2016-09-30'),('2016-10-01'),('2016-10-02'),('2016-10-03'),('2016-10-04'),('2016-10-05'),('2016-10-06'),('2016-10-07'),('2016-10-08'),('2016-10-09'),('2016-10-10'),('2016-10-11'),('2016-10-12'),('2016-10-13'),('2016-10-14'),('2016-10-15'),('2016-10-16'),('2016-10-17'),('2016-10-18'),('2016-10-19'),('2016-10-20'),('2016-10-21'),('2016-10-22'),('2016-10-23'),('2016-10-24'),('2016-10-25'),('2016-10-26'),('2016-10-27'),('2016-10-28'),('2016-10-29'),('2016-10-30'),('2016-10-31'),('2016-11-01'),('2016-11-02'),('2016-11-03'),('2016-11-04'),('2016-11-05'),('2016-11-06'),('2016-11-07'),('2016-11-08'),('2016-11-09'),('2016-11-10'),('2016-11-11'),('2016-11-12'),('2016-11-13'),('2016-11-14'),('2016-11-15'),('2016-11-16'),('2016-11-17'),('2016-11-18'),('2016-11-19'),('2016-11-20'),('2016-11-21'),('2016-11-22'),('2016-11-23'),('2016-11-24'),('2016-11-25'),('2016-11-26'),('2016-11-27'),('2016-11-28'),('2016-11-29'),('2016-11-30'),('2016-12-01'),('2016-12-02'),('2016-12-03'),('2016-12-04'),('2016-12-05'),('2016-12-06'),('2016-12-07'),('2016-12-08'),('2016-12-09'),('2016-12-10'),('2016-12-11'),('2016-12-12'),('2016-12-13'),('2016-12-14'),('2016-12-15'),('2016-12-16'),('2016-12-17'),('2016-12-18'),('2016-12-19'),('2016-12-20'),('2016-12-21'),('2016-12-22'),('2016-12-23'),('2016-12-24'),('2016-12-25'),('2016-12-26'),('2016-12-27'),('2016-12-28'),('2016-12-29'),('2016-12-30'),('2016-12-31'),('2017-01-01'),('2017-01-02'),('2017-01-03'),('2017-01-04'),('2017-01-05'),('2017-01-06'),('2017-01-07'),('2017-01-08'),('2017-01-09'),('2017-01-10'),('2017-01-11'),('2017-01-12'),('2017-01-13'),('2017-01-14'),('2017-01-15'),('2017-01-16'),('2017-01-17'),('2017-01-18'),('2017-01-19'),('2017-01-20'),('2017-01-21'),('2017-01-22'),('2017-01-23'),('2017-01-24'),('2017-01-25'),('2017-01-26'),('2017-01-27'),('2017-01-28'),('2017-01-29'),('2017-01-30'),('2017-01-31'),('2017-02-01'),('2017-02-02'),('2017-02-03'),('2017-02-04'),('2017-02-05'),('2017-02-06'),('2017-02-07'),('2017-02-08'),('2017-02-09'),('2017-02-10'),('2017-02-11'),('2017-02-12'),('2017-02-13'),('2017-02-14'),('2017-02-15'),('2017-02-16'),('2017-02-17'),('2017-02-18'),('2017-02-19'),('2017-02-20'),('2017-02-21'),('2017-02-22'),('2017-02-23'),('2017-02-24'),('2017-02-25'),('2017-02-26'),('2017-02-27'),('2017-02-28'),('2017-03-01'),('2017-03-02'),('2017-03-03'),('2017-03-04'),('2017-03-05'),('2017-03-06'),('2017-03-07'),('2017-03-08'),('2017-03-09'),('2017-03-10'),('2017-03-11'),('2017-03-12'),('2017-03-13'),('2017-03-14'),('2017-03-15'),('2017-03-16'),('2017-03-17'),('2017-03-18'),('2017-03-19'),('2017-03-20'),('2017-03-21'),('2017-03-22'),('2017-03-23'),('2017-03-24'),('2017-03-25'),('2017-03-26'),('2017-03-27'),('2017-03-28'),('2017-03-29'),('2017-03-30'),('2017-03-31'),('2017-04-01'),('2017-04-02'),('2017-04-03'),('2017-04-04'),('2017-04-05'),('2017-04-06'),('2017-04-07'),('2017-04-08'),('2017-04-09'),('2017-04-10'),('2017-04-11'),('2017-04-12'),('2017-04-13'),('2017-04-14'),('2017-04-15'),('2017-04-16'),('2017-04-17'),('2017-04-18'),('2017-04-19'),('2017-04-20'),('2017-04-21'),('2017-04-22'),('2017-04-23'),('2017-04-24'),('2017-04-25'),('2017-04-26'),('2017-04-27'),('2017-04-28'),('2017-04-29'),('2017-04-30'),('2017-05-01'),('2017-05-02'),('2017-05-03'),('2017-05-04'),('2017-05-05'),('2017-05-06'),('2017-05-07'),('2017-05-08'),('2017-05-09'),('2017-05-10'),('2017-05-11'),('2017-05-12'),('2017-05-13'),('2017-05-14'),('2017-05-15'),('2017-05-16'),('2017-05-17'),('2017-05-18'),('2017-05-19'),('2017-05-20'),('2017-05-21'),('2017-05-22'),('2017-05-23'),('2017-05-24'),('2017-05-25'),('2017-05-26'),('2017-05-27'),('2017-05-28'),('2017-05-29'),('2017-05-30'),('2017-05-31'),('2017-06-01'),('2017-06-02'),('2017-06-03'),('2017-06-04'),('2017-06-05'),('2017-06-06'),('2017-06-07'),('2017-06-08'),('2017-06-09'),('2017-06-10'),('2017-06-11'),('2017-06-12'),('2017-06-13'),('2017-06-14'),('2017-06-15'),('2017-06-16'),('2017-06-17'),('2017-06-18'),('2017-06-19'),('2017-06-20'),('2017-06-21'),('2017-06-22'),('2017-06-23'),('2017-06-24'),('2017-06-25'),('2017-06-26'),('2017-06-27'),('2017-06-28'),('2017-06-29'),('2017-06-30'),('2017-07-01'),('2017-07-02'),('2017-07-03'),('2017-07-04'),('2017-07-05'),('2017-07-06'),('2017-07-07'),('2017-07-08'),('2017-07-09'),('2017-07-10'),('2017-07-11'),('2017-07-12'),('2017-07-13'),('2017-07-14'),('2017-07-15'),('2017-07-16'),('2017-07-17'),('2017-07-18'),('2017-07-19'),('2017-07-20'),('2017-07-21'),('2017-07-22'),('2017-07-23'),('2017-07-24'),('2017-07-25'),('2017-07-26'),('2017-07-27'),('2017-07-28'),('2017-07-29'),('2017-07-30'),('2017-07-31'),('2017-08-01'),('2017-08-02'),('2017-08-03'),('2017-08-04'),('2017-08-05'),('2017-08-06'),('2017-08-07'),('2017-08-08'),('2017-08-09'),('2017-08-10'),('2017-08-11'),('2017-08-12'),('2017-08-13'),('2017-08-14'),('2017-08-15'),('2017-08-16'),('2017-08-17'),('2017-08-18'),('2017-08-19'),('2017-08-20'),('2017-08-21'),('2017-08-22'),('2017-08-23'),('2017-08-24'),('2017-08-25'),('2017-08-26'),('2017-08-27'),('2017-08-28'),('2017-08-29'),('2017-08-30'),('2017-08-31'),('2017-09-01'),('2017-09-02'),('2017-09-03'),('2017-09-04'),('2017-09-05'),('2017-09-06'),('2017-09-07'),('2017-09-08'),('2017-09-09'),('2017-09-10'),('2017-09-11'),('2017-09-12'),('2017-09-13'),('2017-09-14'),('2017-09-15'),('2017-09-16'),('2017-09-17'),('2017-09-18'),('2017-09-19'),('2017-09-20'),('2017-09-21'),('2017-09-22'),('2017-09-23'),('2017-09-24'),('2017-09-25'),('2017-09-26'),('2017-09-27'),('2017-09-28'),('2017-09-29'),('2017-09-30'),('2017-10-01'),('2017-10-02'),('2017-10-03'),('2017-10-04'),('2017-10-05'),('2017-10-06'),('2017-10-07'),('2017-10-08'),('2017-10-09'),('2017-10-10'),('2017-10-11'),('2017-10-12'),('2017-10-13'),('2017-10-14'),('2017-10-15'),('2017-10-16'),('2017-10-17'),('2017-10-18'),('2017-10-19'),('2017-10-20'),('2017-10-21'),('2017-10-22'),('2017-10-23'),('2017-10-24'),('2017-10-25'),('2017-10-26'),('2017-10-27'),('2017-10-28'),('2017-10-29'),('2017-10-30'),('2017-10-31'),('2017-11-01'),('2017-11-02'),('2017-11-03'),('2017-11-04'),('2017-11-05'),('2017-11-06'),('2017-11-07'),('2017-11-08'),('2017-11-09'),('2017-11-10'),('2017-11-11'),('2017-11-12'),('2017-11-13'),('2017-11-14'),('2017-11-15'),('2017-11-16'),('2017-11-17'),('2017-11-18'),('2017-11-19'),('2017-11-20'),('2017-11-21'),('2017-11-22'),('2017-11-23'),('2017-11-24'),('2017-11-25'),('2017-11-26'),('2017-11-27'),('2017-11-28'),('2017-11-29'),('2017-11-30'),('2017-12-01'),('2017-12-02'),('2017-12-03'),('2017-12-04'),('2017-12-05'),('2017-12-06'),('2017-12-07'),('2017-12-08'),('2017-12-09'),('2017-12-10'),('2017-12-11'),('2017-12-12'),('2017-12-13'),('2017-12-14'),('2017-12-15'),('2017-12-16'),('2017-12-17'),('2017-12-18'),('2017-12-19'),('2017-12-20'),('2017-12-21'),('2017-12-22'),('2017-12-23'),('2017-12-24'),('2017-12-25'),('2017-12-26'),('2017-12-27'),('2017-12-28'),('2017-12-29'),('2017-12-30'),('2017-12-31'),('2018-01-01'),('2018-01-02'),('2018-01-03'),('2018-01-04'),('2018-01-05'),('2018-01-06'),('2018-01-07'),('2018-01-08'),('2018-01-09'),('2018-01-10'),('2018-01-11'),('2018-01-12'),('2018-01-13'),('2018-01-14'),('2018-01-15'),('2018-01-16'),('2018-01-17'),('2018-01-18'),('2018-01-19'),('2018-01-20'),('2018-01-21'),('2018-01-22'),('2018-01-23'),('2018-01-24'),('2018-01-25'),('2018-01-26'),('2018-01-27'),('2018-01-28'),('2018-01-29'),('2018-01-30'),('2018-01-31'),('2018-02-01'),('2018-02-02'),('2018-02-03'),('2018-02-04'),('2018-02-05'),('2018-02-06'),('2018-02-07'),('2018-02-08'),('2018-02-09'),('2018-02-10'),('2018-02-11'),('2018-02-12'),('2018-02-13'),('2018-02-14'),('2018-02-15'),('2018-02-16'),('2018-02-17'),('2018-02-18'),('2018-02-19'),('2018-02-20'),('2018-02-21'),('2018-02-22'),('2018-02-23'),('2018-02-24'),('2018-02-25'),('2018-02-26'),('2018-02-27'),('2018-02-28'),('2018-03-01'),('2018-03-02'),('2018-03-03'),('2018-03-04'),('2018-03-05'),('2018-03-06'),('2018-03-07'),('2018-03-08'),('2018-03-09'),('2018-03-10'),('2018-03-11'),('2018-03-12'),('2018-03-13'),('2018-03-14'),('2018-03-15'),('2018-03-16'),('2018-03-17'),('2018-03-18'),('2018-03-19'),('2018-03-20'),('2018-03-21'),('2018-03-22'),('2018-03-23'),('2018-03-24'),('2018-03-25'),('2018-03-26'),('2018-03-27'),('2018-03-28'),('2018-03-29'),('2018-03-30'),('2018-03-31'),('2018-04-01'),('2018-04-02'),('2018-04-03'),('2018-04-04'),('2018-04-05'),('2018-04-06'),('2018-04-07'),('2018-04-08'),('2018-04-09'),('2018-04-10'),('2018-04-11'),('2018-04-12'),('2018-04-13'),('2018-04-14'),('2018-04-15'),('2018-04-16'),('2018-04-17'),('2018-04-18'),('2018-04-19'),('2018-04-20'),('2018-04-21'),('2018-04-22'),('2018-04-23'),('2018-04-24'),('2018-04-25'),('2018-04-26'),('2018-04-27'),('2018-04-28'),('2018-04-29'),('2018-04-30'),('2018-05-01'),('2018-05-02'),('2018-05-03'),('2018-05-04'),('2018-05-05'),('2018-05-06'),('2018-05-07'),('2018-05-08'),('2018-05-09'),('2018-05-10'),('2018-05-11'),('2018-05-12'),('2018-05-13'),('2018-05-14'),('2018-05-15'),('2018-05-16'),('2018-05-17'),('2018-05-18'),('2018-05-19'),('2018-05-20'),('2018-05-21'),('2018-05-22'),('2018-05-23'),('2018-05-24'),('2018-05-25'),('2018-05-26'),('2018-05-27'),('2018-05-28'),('2018-05-29'),('2018-05-30'),('2018-05-31'),('2018-06-01'),('2018-06-02'),('2018-06-03'),('2018-06-04'),('2018-06-05'),('2018-06-06'),('2018-06-07'),('2018-06-08'),('2018-06-09'),('2018-06-10'),('2018-06-11'),('2018-06-12'),('2018-06-13'),('2018-06-14'),('2018-06-15'),('2018-06-16'),('2018-06-17'),('2018-06-18'),('2018-06-19'),('2018-06-20'),('2018-06-21'),('2018-06-22'),('2018-06-23'),('2018-06-24'),('2018-06-25'),('2018-06-26'),('2018-06-27'),('2018-06-28'),('2018-06-29'),('2018-06-30'),('2018-07-01'),('2018-07-02'),('2018-07-03'),('2018-07-04'),('2018-07-05'),('2018-07-06'),('2018-07-07'),('2018-07-08'),('2018-07-09'),('2018-07-10'),('2018-07-11'),('2018-07-12'),('2018-07-13'),('2018-07-14'),('2018-07-15'),('2018-07-16'),('2018-07-17'),('2018-07-18'),('2018-07-19'),('2018-07-20'),('2018-07-21'),('2018-07-22'),('2018-07-23'),('2018-07-24'),('2018-07-25'),('2018-07-26'),('2018-07-27'),('2018-07-28'),('2018-07-29'),('2018-07-30'),('2018-07-31'),('2018-08-01'),('2018-08-02'),('2018-08-03'),('2018-08-04'),('2018-08-05'),('2018-08-06'),('2018-08-07'),('2018-08-08'),('2018-08-09'),('2018-08-10'),('2018-08-11'),('2018-08-12'),('2018-08-13'),('2018-08-14'),('2018-08-15'),('2018-08-16'),('2018-08-17'),('2018-08-18'),('2018-08-19'),('2018-08-20'),('2018-08-21'),('2018-08-22'),('2018-08-23'),('2018-08-24'),('2018-08-25'),('2018-08-26'),('2018-08-27'),('2018-08-28'),('2018-08-29'),('2018-08-30'),('2018-08-31'),('2018-09-01'),('2018-09-02'),('2018-09-03'),('2018-09-04'),('2018-09-05'),('2018-09-06'),('2018-09-07'),('2018-09-08'),('2018-09-09'),('2018-09-10'),('2018-09-11'),('2018-09-12'),('2018-09-13'),('2018-09-14'),('2018-09-15'),('2018-09-16'),('2018-09-17'),('2018-09-18'),('2018-09-19'),('2018-09-20'),('2018-09-21'),('2018-09-22'),('2018-09-23'),('2018-09-24'),('2018-09-25'),('2018-09-26'),('2018-09-27'),('2018-09-28'),('2018-09-29'),('2018-09-30'),('2018-10-01'),('2018-10-02'),('2018-10-03'),('2018-10-04'),('2018-10-05'),('2018-10-06'),('2018-10-07'),('2018-10-08'),('2018-10-09'),('2018-10-10'),('2018-10-11'),('2018-10-12'),('2018-10-13'),('2018-10-14'),('2018-10-15'),('2018-10-16'),('2018-10-17'),('2018-10-18'),('2018-10-19'),('2018-10-20'),('2018-10-21'),('2018-10-22'),('2018-10-23'),('2018-10-24'),('2018-10-25'),('2018-10-26'),('2018-10-27'),('2018-10-28'),('2018-10-29'),('2018-10-30'),('2018-10-31'),('2018-11-01'),('2018-11-02'),('2018-11-03'),('2018-11-04'),('2018-11-05'),('2018-11-06'),('2018-11-07'),('2018-11-08'),('2018-11-09'),('2018-11-10'),('2018-11-11'),('2018-11-12'),('2018-11-13'),('2018-11-14'),('2018-11-15'),('2018-11-16'),('2018-11-17'),('2018-11-18'),('2018-11-19'),('2018-11-20'),('2018-11-21'),('2018-11-22'),('2018-11-23'),('2018-11-24'),('2018-11-25'),('2018-11-26'),('2018-11-27'),('2018-11-28'),('2018-11-29'),('2018-11-30'),('2018-12-01'),('2018-12-02'),('2018-12-03'),('2018-12-04'),('2018-12-05'),('2018-12-06'),('2018-12-07'),('2018-12-08'),('2018-12-09'),('2018-12-10'),('2018-12-11'),('2018-12-12'),('2018-12-13'),('2018-12-14'),('2018-12-15'),('2018-12-16'),('2018-12-17'),('2018-12-18'),('2018-12-19'),('2018-12-20'),('2018-12-21'),('2018-12-22'),('2018-12-23'),('2018-12-24'),('2018-12-25'),('2018-12-26'),('2018-12-27'),('2018-12-28'),('2018-12-29'),('2018-12-30'),('2018-12-31'),('2019-01-01'),('2019-01-02'),('2019-01-03'),('2019-01-04'),('2019-01-05'),('2019-01-06'),('2019-01-07'),('2019-01-08'),('2019-01-09'),('2019-01-10'),('2019-01-11'),('2019-01-12'),('2019-01-13'),('2019-01-14'),('2019-01-15'),('2019-01-16'),('2019-01-17'),('2019-01-18'),('2019-01-19'),('2019-01-20'),('2019-01-21'),('2019-01-22'),('2019-01-23'),('2019-01-24'),('2019-01-25'),('2019-01-26'),('2019-01-27'),('2019-01-28'),('2019-01-29'),('2019-01-30'),('2019-01-31'),('2019-02-01'),('2019-02-02'),('2019-02-03'),('2019-02-04'),('2019-02-05'),('2019-02-06'),('2019-02-07'),('2019-02-08'),('2019-02-09'),('2019-02-10'),('2019-02-11'),('2019-02-12'),('2019-02-13'),('2019-02-14'),('2019-02-15'),('2019-02-16'),('2019-02-17'),('2019-02-18'),('2019-02-19'),('2019-02-20'),('2019-02-21'),('2019-02-22'),('2019-02-23'),('2019-02-24'),('2019-02-25'),('2019-02-26'),('2019-02-27'),('2019-02-28'),('2019-03-01'),('2019-03-02'),('2019-03-03'),('2019-03-04'),('2019-03-05'),('2019-03-06'),('2019-03-07'),('2019-03-08'),('2019-03-09'),('2019-03-10'),('2019-03-11'),('2019-03-12'),('2019-03-13'),('2019-03-14'),('2019-03-15'),('2019-03-16'),('2019-03-17'),('2019-03-18'),('2019-03-19'),('2019-03-20'),('2019-03-21'),('2019-03-22'),('2019-03-23'),('2019-03-24'),('2019-03-25'),('2019-03-26'),('2019-03-27'),('2019-03-28'),('2019-03-29'),('2019-03-30'),('2019-03-31'),('2019-04-01'),('2019-04-02'),('2019-04-03'),('2019-04-04'),('2019-04-05'),('2019-04-06'),('2019-04-07'),('2019-04-08'),('2019-04-09'),('2019-04-10'),('2019-04-11'),('2019-04-12'),('2019-04-13'),('2019-04-14'),('2019-04-15'),('2019-04-16'),('2019-04-17'),('2019-04-18'),('2019-04-19'),('2019-04-20'),('2019-04-21'),('2019-04-22'),('2019-04-23'),('2019-04-24'),('2019-04-25'),('2019-04-26'),('2019-04-27'),('2019-04-28'),('2019-04-29'),('2019-04-30'),('2019-05-01'),('2019-05-02'),('2019-05-03'),('2019-05-04'),('2019-05-05'),('2019-05-06'),('2019-05-07'),('2019-05-08'),('2019-05-09'),('2019-05-10'),('2019-05-11'),('2019-05-12'),('2019-05-13'),('2019-05-14'),('2019-05-15'),('2019-05-16'),('2019-05-17'),('2019-05-18'),('2019-05-19'),('2019-05-20'),('2019-05-21'),('2019-05-22'),('2019-05-23'),('2019-05-24'),('2019-05-25'),('2019-05-26'),('2019-05-27'),('2019-05-28'),('2019-05-29'),('2019-05-30'),('2019-05-31'),('2019-06-01'),('2019-06-02'),('2019-06-03'),('2019-06-04'),('2019-06-05'),('2019-06-06'),('2019-06-07'),('2019-06-08'),('2019-06-09'),('2019-06-10'),('2019-06-11'),('2019-06-12'),('2019-06-13'),('2019-06-14'),('2019-06-15'),('2019-06-16'),('2019-06-17'),('2019-06-18'),('2019-06-19'),('2019-06-20'),('2019-06-21'),('2019-06-22'),('2019-06-23'),('2019-06-24'),('2019-06-25'),('2019-06-26'),('2019-06-27'),('2019-06-28'),('2019-06-29'),('2019-06-30'),('2019-07-01'),('2019-07-02'),('2019-07-03'),('2019-07-04'),('2019-07-05'),('2019-07-06'),('2019-07-07'),('2019-07-08'),('2019-07-09'),('2019-07-10'),('2019-07-11'),('2019-07-12'),('2019-07-13'),('2019-07-14'),('2019-07-15'),('2019-07-16'),('2019-07-17'),('2019-07-18'),('2019-07-19'),('2019-07-20'),('2019-07-21'),('2019-07-22'),('2019-07-23'),('2019-07-24'),('2019-07-25'),('2019-07-26'),('2019-07-27'),('2019-07-28'),('2019-07-29'),('2019-07-30'),('2019-07-31'),('2019-08-01'),('2019-08-02'),('2019-08-03'),('2019-08-04'),('2019-08-05'),('2019-08-06'),('2019-08-07'),('2019-08-08'),('2019-08-09'),('2019-08-10'),('2019-08-11'),('2019-08-12'),('2019-08-13'),('2019-08-14'),('2019-08-15'),('2019-08-16'),('2019-08-17'),('2019-08-18'),('2019-08-19'),('2019-08-20'),('2019-08-21'),('2019-08-22'),('2019-08-23'),('2019-08-24'),('2019-08-25'),('2019-08-26'),('2019-08-27'),('2019-08-28'),('2019-08-29'),('2019-08-30'),('2019-08-31'),('2019-09-01'),('2019-09-02'),('2019-09-03'),('2019-09-04'),('2019-09-05'),('2019-09-06'),('2019-09-07'),('2019-09-08'),('2019-09-09'),('2019-09-10'),('2019-09-11'),('2019-09-12'),('2019-09-13'),('2019-09-14'),('2019-09-15'),('2019-09-16'),('2019-09-17'),('2019-09-18'),('2019-09-19'),('2019-09-20'),('2019-09-21'),('2019-09-22'),('2019-09-23'),('2019-09-24'),('2019-09-25'),('2019-09-26'),('2019-09-27'),('2019-09-28'),('2019-09-29'),('2019-09-30'),('2019-10-01'),('2019-10-02'),('2019-10-03'),('2019-10-04'),('2019-10-05'),('2019-10-06'),('2019-10-07'),('2019-10-08'),('2019-10-09'),('2019-10-10'),('2019-10-11'),('2019-10-12'),('2019-10-13'),('2019-10-14'),('2019-10-15'),('2019-10-16'),('2019-10-17'),('2019-10-18'),('2019-10-19'),('2019-10-20'),('2019-10-21'),('2019-10-22'),('2019-10-23'),('2019-10-24'),('2019-10-25'),('2019-10-26'),('2019-10-27'),('2019-10-28'),('2019-10-29'),('2019-10-30'),('2019-10-31'),('2019-11-01'),('2019-11-02'),('2019-11-03'),('2019-11-04'),('2019-11-05'),('2019-11-06'),('2019-11-07'),('2019-11-08'),('2019-11-09'),('2019-11-10'),('2019-11-11'),('2019-11-12'),('2019-11-13'),('2019-11-14'),('2019-11-15'),('2019-11-16'),('2019-11-17'),('2019-11-18'),('2019-11-19'),('2019-11-20'),('2019-11-21'),('2019-11-22'),('2019-11-23'),('2019-11-24'),('2019-11-25'),('2019-11-26'),('2019-11-27'),('2019-11-28'),('2019-11-29'),('2019-11-30'),('2019-12-01'),('2019-12-02'),('2019-12-03'),('2019-12-04'),('2019-12-05'),('2019-12-06'),('2019-12-07'),('2019-12-08'),('2019-12-09'),('2019-12-10'),('2019-12-11'),('2019-12-12'),('2019-12-13'),('2019-12-14'),('2019-12-15'),('2019-12-16'),('2019-12-17'),('2019-12-18'),('2019-12-19'),('2019-12-20'),('2019-12-21'),('2019-12-22'),('2019-12-23'),('2019-12-24'),('2019-12-25'),('2019-12-26'),('2019-12-27'),('2019-12-28'),('2019-12-29'),('2019-12-30'),('2019-12-31'),('2020-01-01'),('2020-01-02'),('2020-01-03'),('2020-01-04'),('2020-01-05'),('2020-01-06'),('2020-01-07'),('2020-01-08'),('2020-01-09'),('2020-01-10'),('2020-01-11'),('2020-01-12'),('2020-01-13'),('2020-01-14'),('2020-01-15'),('2020-01-16'),('2020-01-17'),('2020-01-18'),('2020-01-19'),('2020-01-20'),('2020-01-21'),('2020-01-22'),('2020-01-23'),('2020-01-24'),('2020-01-25'),('2020-01-26'),('2020-01-27'),('2020-01-28'),('2020-01-29'),('2020-01-30'),('2020-01-31'),('2020-02-01'),('2020-02-02'),('2020-02-03'),('2020-02-04'),('2020-02-05'),('2020-02-06'),('2020-02-07'),('2020-02-08'),('2020-02-09'),('2020-02-10'),('2020-02-11'),('2020-02-12'),('2020-02-13'),('2020-02-14'),('2020-02-15'),('2020-02-16'),('2020-02-17'),('2020-02-18'),('2020-02-19'),('2020-02-20'),('2020-02-21'),('2020-02-22'),('2020-02-23'),('2020-02-24'),('2020-02-25'),('2020-02-26'),('2020-02-27'),('2020-02-28'),('2020-02-29'),('2020-03-01'),('2020-03-02'),('2020-03-03'),('2020-03-04'),('2020-03-05'),('2020-03-06'),('2020-03-07'),('2020-03-08'),('2020-03-09'),('2020-03-10'),('2020-03-11'),('2020-03-12'),('2020-03-13'),('2020-03-14'),('2020-03-15'),('2020-03-16'),('2020-03-17'),('2020-03-18'),('2020-03-19'),('2020-03-20'),('2020-03-21'),('2020-03-22'),('2020-03-23'),('2020-03-24'),('2020-03-25'),('2020-03-26'),('2020-03-27'),('2020-03-28'),('2020-03-29'),('2020-03-30'),('2020-03-31'),('2020-04-01'),('2020-04-02'),('2020-04-03'),('2020-04-04'),('2020-04-05'),('2020-04-06'),('2020-04-07'),('2020-04-08'),('2020-04-09'),('2020-04-10'),('2020-04-11'),('2020-04-12'),('2020-04-13'),('2020-04-14'),('2020-04-15'),('2020-04-16'),('2020-04-17'),('2020-04-18'),('2020-04-19'),('2020-04-20'),('2020-04-21'),('2020-04-22'),('2020-04-23'),('2020-04-24'),('2020-04-25'),('2020-04-26'),('2020-04-27'),('2020-04-28'),('2020-04-29'),('2020-04-30'),('2020-05-01'),('2020-05-02'),('2020-05-03'),('2020-05-04'),('2020-05-05'),('2020-05-06'),('2020-05-07'),('2020-05-08'),('2020-05-09'),('2020-05-10'),('2020-05-11'),('2020-05-12'),('2020-05-13'),('2020-05-14'),('2020-05-15'),('2020-05-16'),('2020-05-17'),('2020-05-18'),('2020-05-19'),('2020-05-20'),('2020-05-21'),('2020-05-22'),('2020-05-23'),('2020-05-24'),('2020-05-25'),('2020-05-26'),('2020-05-27'),('2020-05-28'),('2020-05-29'),('2020-05-30'),('2020-05-31'),('2020-06-01'),('2020-06-02'),('2020-06-03'),('2020-06-04'),('2020-06-05'),('2020-06-06'),('2020-06-07'),('2020-06-08'),('2020-06-09'),('2020-06-10'),('2020-06-11'),('2020-06-12'),('2020-06-13'),('2020-06-14'),('2020-06-15'),('2020-06-16'),('2020-06-17'),('2020-06-18'),('2020-06-19'),('2020-06-20'),('2020-06-21'),('2020-06-22'),('2020-06-23'),('2020-06-24'),('2020-06-25'),('2020-06-26'),('2020-06-27'),('2020-06-28'),('2020-06-29'),('2020-06-30'),('2020-07-01'),('2020-07-02'),('2020-07-03'),('2020-07-04'),('2020-07-05'),('2020-07-06'),('2020-07-07'),('2020-07-08'),('2020-07-09'),('2020-07-10'),('2020-07-11'),('2020-07-12'),('2020-07-13'),('2020-07-14'),('2020-07-15'),('2020-07-16'),('2020-07-17'),('2020-07-18'),('2020-07-19'),('2020-07-20'),('2020-07-21'),('2020-07-22'),('2020-07-23'),('2020-07-24'),('2020-07-25'),('2020-07-26'),('2020-07-27'),('2020-07-28'),('2020-07-29'),('2020-07-30'),('2020-07-31'),('2020-08-01'),('2020-08-02'),('2020-08-03'),('2020-08-04'),('2020-08-05'),('2020-08-06'),('2020-08-07'),('2020-08-08'),('2020-08-09'),('2020-08-10'),('2020-08-11'),('2020-08-12'),('2020-08-13'),('2020-08-14'),('2020-08-15'),('2020-08-16'),('2020-08-17'),('2020-08-18'),('2020-08-19'),('2020-08-20'),('2020-08-21'),('2020-08-22'),('2020-08-23'),('2020-08-24'),('2020-08-25'),('2020-08-26'),('2020-08-27'),('2020-08-28'),('2020-08-29'),('2020-08-30'),('2020-08-31'),('2020-09-01'),('2020-09-02'),('2020-09-03'),('2020-09-04'),('2020-09-05'),('2020-09-06'),('2020-09-07'),('2020-09-08'),('2020-09-09'),('2020-09-10'),('2020-09-11'),('2020-09-12'),('2020-09-13'),('2020-09-14'),('2020-09-15'),('2020-09-16'),('2020-09-17'),('2020-09-18'),('2020-09-19'),('2020-09-20'),('2020-09-21'),('2020-09-22'),('2020-09-23'),('2020-09-24'),('2020-09-25'),('2020-09-26'),('2020-09-27'),('2020-09-28'),('2020-09-29'),('2020-09-30'),('2020-10-01'),('2020-10-02'),('2020-10-03'),('2020-10-04'),('2020-10-05'),('2020-10-06'),('2020-10-07'),('2020-10-08'),('2020-10-09'),('2020-10-10'),('2020-10-11'),('2020-10-12'),('2020-10-13'),('2020-10-14'),('2020-10-15'),('2020-10-16'),('2020-10-17'),('2020-10-18'),('2020-10-19'),('2020-10-20'),('2020-10-21'),('2020-10-22'),('2020-10-23'),('2020-10-24'),('2020-10-25'),('2020-10-26'),('2020-10-27'),('2020-10-28'),('2020-10-29'),('2020-10-30'),('2020-10-31'),('2020-11-01'),('2020-11-02'),('2020-11-03'),('2020-11-04'),('2020-11-05'),('2020-11-06'),('2020-11-07'),('2020-11-08'),('2020-11-09'),('2020-11-10'),('2020-11-11'),('2020-11-12'),('2020-11-13'),('2020-11-14'),('2020-11-15'),('2020-11-16'),('2020-11-17'),('2020-11-18'),('2020-11-19'),('2020-11-20'),('2020-11-21'),('2020-11-22'),('2020-11-23'),('2020-11-24'),('2020-11-25'),('2020-11-26'),('2020-11-27'),('2020-11-28'),('2020-11-29'),('2020-11-30'),('2020-12-01'),('2020-12-02'),('2020-12-03'),('2020-12-04'),('2020-12-05'),('2020-12-06'),('2020-12-07'),('2020-12-08'),('2020-12-09'),('2020-12-10'),('2020-12-11'),('2020-12-12'),('2020-12-13'),('2020-12-14'),('2020-12-15'),('2020-12-16'),('2020-12-17'),('2020-12-18'),('2020-12-19'),('2020-12-20'),('2020-12-21'),('2020-12-22'),('2020-12-23'),('2020-12-24'),('2020-12-25'),('2020-12-26'),('2020-12-27'),('2020-12-28'),('2020-12-29'),('2020-12-30'),('2020-12-31'),('2021-01-01'),('2021-01-02'),('2021-01-03'),('2021-01-04'),('2021-01-05'),('2021-01-06'),('2021-01-07'),('2021-01-08'),('2021-01-09'),('2021-01-10'),('2021-01-11'),('2021-01-12'),('2021-01-13'),('2021-01-14'),('2021-01-15'),('2021-01-16'),('2021-01-17'),('2021-01-18'),('2021-01-19'),('2021-01-20'),('2021-01-21'),('2021-01-22'),('2021-01-23'),('2021-01-24'),('2021-01-25'),('2021-01-26'),('2021-01-27'),('2021-01-28'),('2021-01-29'),('2021-01-30'),('2021-01-31'),('2021-02-01'),('2021-02-02'),('2021-02-03'),('2021-02-04'),('2021-02-05'),('2021-02-06'),('2021-02-07'),('2021-02-08'),('2021-02-09'),('2021-02-10'),('2021-02-11'),('2021-02-12'),('2021-02-13'),('2021-02-14'),('2021-02-15'),('2021-02-16'),('2021-02-17'),('2021-02-18'),('2021-02-19'),('2021-02-20'),('2021-02-21'),('2021-02-22'),('2021-02-23'),('2021-02-24'),('2021-02-25'),('2021-02-26'),('2021-02-27'),('2021-02-28'),('2021-03-01'),('2021-03-02'),('2021-03-03'),('2021-03-04'),('2021-03-05'),('2021-03-06'),('2021-03-07'),('2021-03-08'),('2021-03-09'),('2021-03-10'),('2021-03-11'),('2021-03-12'),('2021-03-13'),('2021-03-14'),('2021-03-15'),('2021-03-16'),('2021-03-17'),('2021-03-18'),('2021-03-19'),('2021-03-20'),('2021-03-21'),('2021-03-22'),('2021-03-23'),('2021-03-24'),('2021-03-25'),('2021-03-26'),('2021-03-27'),('2021-03-28'),('2021-03-29'),('2021-03-30'),('2021-03-31'),('2021-04-01'),('2021-04-02'),('2021-04-03'),('2021-04-04'),('2021-04-05'),('2021-04-06'),('2021-04-07'),('2021-04-08'),('2021-04-09'),('2021-04-10'),('2021-04-11'),('2021-04-12'),('2021-04-13'),('2021-04-14'),('2021-04-15'),('2021-04-16'),('2021-04-17'),('2021-04-18'),('2021-04-19'),('2021-04-20'),('2021-04-21'),('2021-04-22'),('2021-04-23'),('2021-04-24'),('2021-04-25'),('2021-04-26'),('2021-04-27'),('2021-04-28'),('2021-04-29'),('2021-04-30'),('2021-05-01'),('2021-05-02'),('2021-05-03'),('2021-05-04'),('2021-05-05'),('2021-05-06'),('2021-05-07'),('2021-05-08'),('2021-05-09'),('2021-05-10'),('2021-05-11'),('2021-05-12'),('2021-05-13'),('2021-05-14'),('2021-05-15'),('2021-05-16'),('2021-05-17'),('2021-05-18'),('2021-05-19'),('2021-05-20'),('2021-05-21'),('2021-05-22'),('2021-05-23'),('2021-05-24'),('2021-05-25'),('2021-05-26'),('2021-05-27'),('2021-05-28'),('2021-05-29'),('2021-05-30'),('2021-05-31'),('2021-06-01'),('2021-06-02'),('2021-06-03'),('2021-06-04'),('2021-06-05'),('2021-06-06'),('2021-06-07'),('2021-06-08'),('2021-06-09'),('2021-06-10'),('2021-06-11'),('2021-06-12'),('2021-06-13'),('2021-06-14'),('2021-06-15'),('2021-06-16'),('2021-06-17'),('2021-06-18'),('2021-06-19'),('2021-06-20'),('2021-06-21'),('2021-06-22'),('2021-06-23'),('2021-06-24'),('2021-06-25'),('2021-06-26'),('2021-06-27'),('2021-06-28'),('2021-06-29'),('2021-06-30'),('2021-07-01'),('2021-07-02'),('2021-07-03'),('2021-07-04'),('2021-07-05'),('2021-07-06'),('2021-07-07'),('2021-07-08'),('2021-07-09'),('2021-07-10'),('2021-07-11'),('2021-07-12'),('2021-07-13'),('2021-07-14'),('2021-07-15'),('2021-07-16'),('2021-07-17'),('2021-07-18'),('2021-07-19'),('2021-07-20'),('2021-07-21'),('2021-07-22'),('2021-07-23'),('2021-07-24'),('2021-07-25'),('2021-07-26'),('2021-07-27'),('2021-07-28'),('2021-07-29'),('2021-07-30'),('2021-07-31'),('2021-08-01'),('2021-08-02'),('2021-08-03'),('2021-08-04'),('2021-08-05'),('2021-08-06'),('2021-08-07'),('2021-08-08'),('2021-08-09'),('2021-08-10'),('2021-08-11'),('2021-08-12'),('2021-08-13'),('2021-08-14'),('2021-08-15'),('2021-08-16'),('2021-08-17'),('2021-08-18'),('2021-08-19'),('2021-08-20'),('2021-08-21'),('2021-08-22'),('2021-08-23'),('2021-08-24'),('2021-08-25'),('2021-08-26'),('2021-08-27'),('2021-08-28'),('2021-08-29'),('2021-08-30'),('2021-08-31'),('2021-09-01'),('2021-09-02'),('2021-09-03'),('2021-09-04'),('2021-09-05'),('2021-09-06'),('2021-09-07'),('2021-09-08'),('2021-09-09'),('2021-09-10'),('2021-09-11'),('2021-09-12'),('2021-09-13'),('2021-09-14'),('2021-09-15'),('2021-09-16'),('2021-09-17'),('2021-09-18'),('2021-09-19'),('2021-09-20'),('2021-09-21'),('2021-09-22'),('2021-09-23'),('2021-09-24'),('2021-09-25'),('2021-09-26'),('2021-09-27'),('2021-09-28'),('2021-09-29'),('2021-09-30'),('2021-10-01'),('2021-10-02'),('2021-10-03'),('2021-10-04'),('2021-10-05'),('2021-10-06'),('2021-10-07'),('2021-10-08'),('2021-10-09'),('2021-10-10'),('2021-10-11'),('2021-10-12'),('2021-10-13'),('2021-10-14'),('2021-10-15'),('2021-10-16'),('2021-10-17'),('2021-10-18'),('2021-10-19'),('2021-10-20'),('2021-10-21'),('2021-10-22'),('2021-10-23'),('2021-10-24'),('2021-10-25'),('2021-10-26'),('2021-10-27'),('2021-10-28'),('2021-10-29'),('2021-10-30'),('2021-10-31'),('2021-11-01'),('2021-11-02'),('2021-11-03'),('2021-11-04'),('2021-11-05'),('2021-11-06'),('2021-11-07'),('2021-11-08'),('2021-11-09'),('2021-11-10'),('2021-11-11'),('2021-11-12'),('2021-11-13'),('2021-11-14'),('2021-11-15'),('2021-11-16'),('2021-11-17'),('2021-11-18'),('2021-11-19'),('2021-11-20'),('2021-11-21'),('2021-11-22'),('2021-11-23'),('2021-11-24'),('2021-11-25'),('2021-11-26'),('2021-11-27'),('2021-11-28'),('2021-11-29'),('2021-11-30'),('2021-12-01'),('2021-12-02'),('2021-12-03'),('2021-12-04'),('2021-12-05'),('2021-12-06'),('2021-12-07'),('2021-12-08'),('2021-12-09'),('2021-12-10'),('2021-12-11'),('2021-12-12'),('2021-12-13'),('2021-12-14'),('2021-12-15'),('2021-12-16'),('2021-12-17'),('2021-12-18'),('2021-12-19'),('2021-12-20'),('2021-12-21'),('2021-12-22'),('2021-12-23'),('2021-12-24'),('2021-12-25'),('2021-12-26'),('2021-12-27'),('2021-12-28'),('2021-12-29'),('2021-12-30'),('2021-12-31'),('2022-01-01'),('2022-01-02'),('2022-01-03'),('2022-01-04'),('2022-01-05'),('2022-01-06'),('2022-01-07'),('2022-01-08'),('2022-01-09'),('2022-01-10'),('2022-01-11'),('2022-01-12'),('2022-01-13'),('2022-01-14'),('2022-01-15'),('2022-01-16'),('2022-01-17'),('2022-01-18'),('2022-01-19'),('2022-01-20'),('2022-01-21'),('2022-01-22'),('2022-01-23'),('2022-01-24'),('2022-01-25'),('2022-01-26'),('2022-01-27'),('2022-01-28'),('2022-01-29'),('2022-01-30'),('2022-01-31'),('2022-02-01'),('2022-02-02'),('2022-02-03'),('2022-02-04'),('2022-02-05'),('2022-02-06'),('2022-02-07'),('2022-02-08'),('2022-02-09'),('2022-02-10'),('2022-02-11'),('2022-02-12'),('2022-02-13'),('2022-02-14'),('2022-02-15'),('2022-02-16'),('2022-02-17'),('2022-02-18'),('2022-02-19'),('2022-02-20'),('2022-02-21'),('2022-02-22'),('2022-02-23'),('2022-02-24'),('2022-02-25'),('2022-02-26'),('2022-02-27'),('2022-02-28'),('2022-03-01'),('2022-03-02'),('2022-03-03'),('2022-03-04'),('2022-03-05'),('2022-03-06'),('2022-03-07'),('2022-03-08'),('2022-03-09'),('2022-03-10'),('2022-03-11'),('2022-03-12'),('2022-03-13'),('2022-03-14'),('2022-03-15'),('2022-03-16'),('2022-03-17'),('2022-03-18'),('2022-03-19'),('2022-03-20'),('2022-03-21'),('2022-03-22'),('2022-03-23'),('2022-03-24'),('2022-03-25'),('2022-03-26'),('2022-03-27'),('2022-03-28'),('2022-03-29'),('2022-03-30'),('2022-03-31'),('2022-04-01'),('2022-04-02'),('2022-04-03'),('2022-04-04'),('2022-04-05'),('2022-04-06'),('2022-04-07'),('2022-04-08'),('2022-04-09'),('2022-04-10'),('2022-04-11'),('2022-04-12'),('2022-04-13'),('2022-04-14'),('2022-04-15'),('2022-04-16'),('2022-04-17'),('2022-04-18'),('2022-04-19'),('2022-04-20'),('2022-04-21'),('2022-04-22'),('2022-04-23'),('2022-04-24'),('2022-04-25'),('2022-04-26'),('2022-04-27'),('2022-04-28'),('2022-04-29'),('2022-04-30'),('2022-05-01'),('2022-05-02'),('2022-05-03'),('2022-05-04'),('2022-05-05'),('2022-05-06'),('2022-05-07'),('2022-05-08'),('2022-05-09'),('2022-05-10'),('2022-05-11'),('2022-05-12'),('2022-05-13'),('2022-05-14'),('2022-05-15'),('2022-05-16'),('2022-05-17'),('2022-05-18'),('2022-05-19'),('2022-05-20'),('2022-05-21'),('2022-05-22'),('2022-05-23'),('2022-05-24'),('2022-05-25'),('2022-05-26'),('2022-05-27'),('2022-05-28'),('2022-05-29'),('2022-05-30'),('2022-05-31'),('2022-06-01'),('2022-06-02'),('2022-06-03'),('2022-06-04'),('2022-06-05'),('2022-06-06'),('2022-06-07'),('2022-06-08'),('2022-06-09'),('2022-06-10'),('2022-06-11'),('2022-06-12'),('2022-06-13'),('2022-06-14'),('2022-06-15'),('2022-06-16'),('2022-06-17'),('2022-06-18'),('2022-06-19'),('2022-06-20'),('2022-06-21'),('2022-06-22'),('2022-06-23'),('2022-06-24'),('2022-06-25'),('2022-06-26'),('2022-06-27'),('2022-06-28'),('2022-06-29'),('2022-06-30'),('2022-07-01'),('2022-07-02'),('2022-07-03'),('2022-07-04'),('2022-07-05'),('2022-07-06'),('2022-07-07'),('2022-07-08'),('2022-07-09'),('2022-07-10'),('2022-07-11'),('2022-07-12'),('2022-07-13'),('2022-07-14'),('2022-07-15'),('2022-07-16'),('2022-07-17'),('2022-07-18'),('2022-07-19'),('2022-07-20'),('2022-07-21'),('2022-07-22'),('2022-07-23'),('2022-07-24'),('2022-07-25'),('2022-07-26'),('2022-07-27'),('2022-07-28'),('2022-07-29'),('2022-07-30'),('2022-07-31'),('2022-08-01'),('2022-08-02'),('2022-08-03'),('2022-08-04'),('2022-08-05'),('2022-08-06'),('2022-08-07'),('2022-08-08'),('2022-08-09'),('2022-08-10'),('2022-08-11'),('2022-08-12'),('2022-08-13'),('2022-08-14'),('2022-08-15'),('2022-08-16'),('2022-08-17'),('2022-08-18'),('2022-08-19'),('2022-08-20'),('2022-08-21'),('2022-08-22'),('2022-08-23'),('2022-08-24'),('2022-08-25'),('2022-08-26'),('2022-08-27'),('2022-08-28'),('2022-08-29'),('2022-08-30'),('2022-08-31'),('2022-09-01'),('2022-09-02'),('2022-09-03'),('2022-09-04'),('2022-09-05'),('2022-09-06'),('2022-09-07'),('2022-09-08'),('2022-09-09'),('2022-09-10'),('2022-09-11'),('2022-09-12'),('2022-09-13'),('2022-09-14'),('2022-09-15'),('2022-09-16'),('2022-09-17'),('2022-09-18'),('2022-09-19'),('2022-09-20'),('2022-09-21'),('2022-09-22'),('2022-09-23'),('2022-09-24'),('2022-09-25'),('2022-09-26'),('2022-09-27'),('2022-09-28'),('2022-09-29'),('2022-09-30'),('2022-10-01'),('2022-10-02'),('2022-10-03'),('2022-10-04'),('2022-10-05'),('2022-10-06'),('2022-10-07'),('2022-10-08'),('2022-10-09'),('2022-10-10'),('2022-10-11'),('2022-10-12'),('2022-10-13'),('2022-10-14'),('2022-10-15'),('2022-10-16'),('2022-10-17'),('2022-10-18'),('2022-10-19'),('2022-10-20'),('2022-10-21'),('2022-10-22'),('2022-10-23'),('2022-10-24'),('2022-10-25'),('2022-10-26'),('2022-10-27'),('2022-10-28'),('2022-10-29'),('2022-10-30'),('2022-10-31'),('2022-11-01'),('2022-11-02'),('2022-11-03'),('2022-11-04'),('2022-11-05'),('2022-11-06'),('2022-11-07'),('2022-11-08'),('2022-11-09'),('2022-11-10'),('2022-11-11'),('2022-11-12'),('2022-11-13'),('2022-11-14'),('2022-11-15'),('2022-11-16'),('2022-11-17'),('2022-11-18'),('2022-11-19'),('2022-11-20'),('2022-11-21'),('2022-11-22'),('2022-11-23'),('2022-11-24'),('2022-11-25'),('2022-11-26'),('2022-11-27'),('2022-11-28'),('2022-11-29'),('2022-11-30'),('2022-12-01'),('2022-12-02'),('2022-12-03'),('2022-12-04'),('2022-12-05'),('2022-12-06'),('2022-12-07'),('2022-12-08'),('2022-12-09'),('2022-12-10'),('2022-12-11'),('2022-12-12'),('2022-12-13'),('2022-12-14'),('2022-12-15'),('2022-12-16'),('2022-12-17'),('2022-12-18'),('2022-12-19'),('2022-12-20'),('2022-12-21'),('2022-12-22'),('2022-12-23'),('2022-12-24'),('2022-12-25'),('2022-12-26'),('2022-12-27'),('2022-12-28'),('2022-12-29'),('2022-12-30'),('2022-12-31'),('2023-01-01'),('2023-01-02'),('2023-01-03'),('2023-01-04'),('2023-01-05'),('2023-01-06'),('2023-01-07'),('2023-01-08'),('2023-01-09'),('2023-01-10'),('2023-01-11'),('2023-01-12'),('2023-01-13'),('2023-01-14'),('2023-01-15'),('2023-01-16'),('2023-01-17'),('2023-01-18'),('2023-01-19'),('2023-01-20'),('2023-01-21'),('2023-01-22'),('2023-01-23'),('2023-01-24'),('2023-01-25'),('2023-01-26'),('2023-01-27'),('2023-01-28'),('2023-01-29'),('2023-01-30'),('2023-01-31'),('2023-02-01'),('2023-02-02'),('2023-02-03'),('2023-02-04'),('2023-02-05'),('2023-02-06'),('2023-02-07'),('2023-02-08'),('2023-02-09'),('2023-02-10'),('2023-02-11'),('2023-02-12'),('2023-02-13'),('2023-02-14'),('2023-02-15'),('2023-02-16'),('2023-02-17'),('2023-02-18'),('2023-02-19'),('2023-02-20'),('2023-02-21'),('2023-02-22'),('2023-02-23'),('2023-02-24'),('2023-02-25'),('2023-02-26'),('2023-02-27'),('2023-02-28'),('2023-03-01'),('2023-03-02'),('2023-03-03'),('2023-03-04'),('2023-03-05'),('2023-03-06'),('2023-03-07'),('2023-03-08'),('2023-03-09'),('2023-03-10'),('2023-03-11'),('2023-03-12'),('2023-03-13'),('2023-03-14'),('2023-03-15'),('2023-03-16'),('2023-03-17'),('2023-03-18'),('2023-03-19'),('2023-03-20'),('2023-03-21'),('2023-03-22'),('2023-03-23'),('2023-03-24'),('2023-03-25'),('2023-03-26'),('2023-03-27'),('2023-03-28'),('2023-03-29'),('2023-03-30'),('2023-03-31'),('2023-04-01'),('2023-04-02'),('2023-04-03'),('2023-04-04'),('2023-04-05'),('2023-04-06'),('2023-04-07'),('2023-04-08'),('2023-04-09'),('2023-04-10'),('2023-04-11'),('2023-04-12'),('2023-04-13'),('2023-04-14'),('2023-04-15'),('2023-04-16'),('2023-04-17'),('2023-04-18'),('2023-04-19'),('2023-04-20'),('2023-04-21'),('2023-04-22'),('2023-04-23'),('2023-04-24'),('2023-04-25'),('2023-04-26'),('2023-04-27'),('2023-04-28'),('2023-04-29'),('2023-04-30'),('2023-05-01'),('2023-05-02'),('2023-05-03'),('2023-05-04'),('2023-05-05'),('2023-05-06'),('2023-05-07'),('2023-05-08'),('2023-05-09'),('2023-05-10'),('2023-05-11'),('2023-05-12'),('2023-05-13'),('2023-05-14'),('2023-05-15'),('2023-05-16'),('2023-05-17'),('2023-05-18'),('2023-05-19'),('2023-05-20'),('2023-05-21'),('2023-05-22'),('2023-05-23'),('2023-05-24'),('2023-05-25'),('2023-05-26'),('2023-05-27'),('2023-05-28'),('2023-05-29'),('2023-05-30'),('2023-05-31'),('2023-06-01'),('2023-06-02'),('2023-06-03'),('2023-06-04'),('2023-06-05'),('2023-06-06'),('2023-06-07'),('2023-06-08'),('2023-06-09'),('2023-06-10'),('2023-06-11'),('2023-06-12'),('2023-06-13'),('2023-06-14'),('2023-06-15'),('2023-06-16'),('2023-06-17'),('2023-06-18'),('2023-06-19'),('2023-06-20'),('2023-06-21'),('2023-06-22'),('2023-06-23'),('2023-06-24'),('2023-06-25'),('2023-06-26'),('2023-06-27'),('2023-06-28'),('2023-06-29'),('2023-06-30'),('2023-07-01'),('2023-07-02'),('2023-07-03'),('2023-07-04'),('2023-07-05'),('2023-07-06'),('2023-07-07'),('2023-07-08'),('2023-07-09'),('2023-07-10'),('2023-07-11'),('2023-07-12'),('2023-07-13'),('2023-07-14'),('2023-07-15'),('2023-07-16'),('2023-07-17'),('2023-07-18'),('2023-07-19'),('2023-07-20'),('2023-07-21'),('2023-07-22'),('2023-07-23'),('2023-07-24'),('2023-07-25'),('2023-07-26'),('2023-07-27'),('2023-07-28'),('2023-07-29'),('2023-07-30'),('2023-07-31'),('2023-08-01'),('2023-08-02'),('2023-08-03'),('2023-08-04'),('2023-08-05'),('2023-08-06'),('2023-08-07'),('2023-08-08'),('2023-08-09'),('2023-08-10'),('2023-08-11'),('2023-08-12'),('2023-08-13'),('2023-08-14'),('2023-08-15'),('2023-08-16'),('2023-08-17'),('2023-08-18'),('2023-08-19'),('2023-08-20'),('2023-08-21'),('2023-08-22'),('2023-08-23'),('2023-08-24'),('2023-08-25'),('2023-08-26'),('2023-08-27'),('2023-08-28'),('2023-08-29'),('2023-08-30'),('2023-08-31'),('2023-09-01'),('2023-09-02'),('2023-09-03'),('2023-09-04'),('2023-09-05'),('2023-09-06'),('2023-09-07'),('2023-09-08'),('2023-09-09'),('2023-09-10'),('2023-09-11'),('2023-09-12'),('2023-09-13'),('2023-09-14'),('2023-09-15'),('2023-09-16'),('2023-09-17'),('2023-09-18'),('2023-09-19'),('2023-09-20'),('2023-09-21'),('2023-09-22'),('2023-09-23'),('2023-09-24'),('2023-09-25'),('2023-09-26'),('2023-09-27'),('2023-09-28'),('2023-09-29'),('2023-09-30'),('2023-10-01'),('2023-10-02'),('2023-10-03'),('2023-10-04'),('2023-10-05'),('2023-10-06'),('2023-10-07'),('2023-10-08'),('2023-10-09'),('2023-10-10'),('2023-10-11'),('2023-10-12'),('2023-10-13'),('2023-10-14'),('2023-10-15'),('2023-10-16'),('2023-10-17'),('2023-10-18'),('2023-10-19'),('2023-10-20'),('2023-10-21'),('2023-10-22'),('2023-10-23'),('2023-10-24'),('2023-10-25'),('2023-10-26'),('2023-10-27'),('2023-10-28'),('2023-10-29'),('2023-10-30'),('2023-10-31'),('2023-11-01'),('2023-11-02'),('2023-11-03'),('2023-11-04'),('2023-11-05'),('2023-11-06'),('2023-11-07'),('2023-11-08'),('2023-11-09'),('2023-11-10'),('2023-11-11'),('2023-11-12'),('2023-11-13'),('2023-11-14'),('2023-11-15'),('2023-11-16'),('2023-11-17'),('2023-11-18'),('2023-11-19'),('2023-11-20'),('2023-11-21'),('2023-11-22'),('2023-11-23'),('2023-11-24'),('2023-11-25'),('2023-11-26'),('2023-11-27'),('2023-11-28'),('2023-11-29'),('2023-11-30'),('2023-12-01'),('2023-12-02'),('2023-12-03'),('2023-12-04'),('2023-12-05'),('2023-12-06'),('2023-12-07'),('2023-12-08'),('2023-12-09'),('2023-12-10'),('2023-12-11'),('2023-12-12'),('2023-12-13'),('2023-12-14'),('2023-12-15'),('2023-12-16'),('2023-12-17'),('2023-12-18'),('2023-12-19'),('2023-12-20'),('2023-12-21'),('2023-12-22'),('2023-12-23'),('2023-12-24'),('2023-12-25'),('2023-12-26'),('2023-12-27'),('2023-12-28'),('2023-12-29'),('2023-12-30'),('2023-12-31'),('2024-01-01'),('2024-01-02'),('2024-01-03'),('2024-01-04'),('2024-01-05'),('2024-01-06'),('2024-01-07'),('2024-01-08'),('2024-01-09'),('2024-01-10'),('2024-01-11'),('2024-01-12'),('2024-01-13'),('2024-01-14'),('2024-01-15'),('2024-01-16'),('2024-01-17'),('2024-01-18'),('2024-01-19'),('2024-01-20'),('2024-01-21'),('2024-01-22'),('2024-01-23'),('2024-01-24'),('2024-01-25'),('2024-01-26'),('2024-01-27'),('2024-01-28'),('2024-01-29'),('2024-01-30'),('2024-01-31'),('2024-02-01'),('2024-02-02'),('2024-02-03'),('2024-02-04'),('2024-02-05'),('2024-02-06'),('2024-02-07'),('2024-02-08'),('2024-02-09'),('2024-02-10'),('2024-02-11'),('2024-02-12'),('2024-02-13'),('2024-02-14'),('2024-02-15'),('2024-02-16'),('2024-02-17'),('2024-02-18'),('2024-02-19'),('2024-02-20'),('2024-02-21'),('2024-02-22'),('2024-02-23'),('2024-02-24'),('2024-02-25'),('2024-02-26'),('2024-02-27'),('2024-02-28'),('2024-02-29'),('2024-03-01'),('2024-03-02'),('2024-03-03'),('2024-03-04'),('2024-03-05'),('2024-03-06'),('2024-03-07'),('2024-03-08'),('2024-03-09'),('2024-03-10'),('2024-03-11'),('2024-03-12'),('2024-03-13'),('2024-03-14'),('2024-03-15'),('2024-03-16'),('2024-03-17'),('2024-03-18'),('2024-03-19'),('2024-03-20'),('2024-03-21'),('2024-03-22'),('2024-03-23'),('2024-03-24'),('2024-03-25'),('2024-03-26'),('2024-03-27'),('2024-03-28'),('2024-03-29'),('2024-03-30'),('2024-03-31'),('2024-04-01'),('2024-04-02'),('2024-04-03'),('2024-04-04'),('2024-04-05'),('2024-04-06'),('2024-04-07'),('2024-04-08'),('2024-04-09'),('2024-04-10'),('2024-04-11'),('2024-04-12'),('2024-04-13'),('2024-04-14'),('2024-04-15'),('2024-04-16'),('2024-04-17'),('2024-04-18'),('2024-04-19'),('2024-04-20'),('2024-04-21'),('2024-04-22'),('2024-04-23'),('2024-04-24'),('2024-04-25'),('2024-04-26'),('2024-04-27'),('2024-04-28'),('2024-04-29'),('2024-04-30'),('2024-05-01'),('2024-05-02'),('2024-05-03'),('2024-05-04'),('2024-05-05'),('2024-05-06'),('2024-05-07'),('2024-05-08'),('2024-05-09'),('2024-05-10'),('2024-05-11'),('2024-05-12'),('2024-05-13'),('2024-05-14'),('2024-05-15'),('2024-05-16'),('2024-05-17'),('2024-05-18'),('2024-05-19'),('2024-05-20'),('2024-05-21'),('2024-05-22'),('2024-05-23'),('2024-05-24'),('2024-05-25'),('2024-05-26'),('2024-05-27'),('2024-05-28'),('2024-05-29'),('2024-05-30'),('2024-05-31'),('2024-06-01'),('2024-06-02'),('2024-06-03'),('2024-06-04'),('2024-06-05'),('2024-06-06'),('2024-06-07'),('2024-06-08'),('2024-06-09'),('2024-06-10'),('2024-06-11'),('2024-06-12'),('2024-06-13'),('2024-06-14'),('2024-06-15'),('2024-06-16'),('2024-06-17'),('2024-06-18'),('2024-06-19'),('2024-06-20'),('2024-06-21'),('2024-06-22'),('2024-06-23'),('2024-06-24'),('2024-06-25'),('2024-06-26'),('2024-06-27'),('2024-06-28'),('2024-06-29'),('2024-06-30'),('2024-07-01'),('2024-07-02'),('2024-07-03'),('2024-07-04'),('2024-07-05'),('2024-07-06'),('2024-07-07'),('2024-07-08'),('2024-07-09'),('2024-07-10'),('2024-07-11'),('2024-07-12'),('2024-07-13'),('2024-07-14'),('2024-07-15'),('2024-07-16'),('2024-07-17'),('2024-07-18'),('2024-07-19'),('2024-07-20'),('2024-07-21'),('2024-07-22'),('2024-07-23'),('2024-07-24'),('2024-07-25'),('2024-07-26'),('2024-07-27'),('2024-07-28'),('2024-07-29'),('2024-07-30'),('2024-07-31'),('2024-08-01'),('2024-08-02'),('2024-08-03'),('2024-08-04'),('2024-08-05'),('2024-08-06'),('2024-08-07'),('2024-08-08'),('2024-08-09'),('2024-08-10'),('2024-08-11'),('2024-08-12'),('2024-08-13'),('2024-08-14'),('2024-08-15'),('2024-08-16'),('2024-08-17'),('2024-08-18'),('2024-08-19'),('2024-08-20'),('2024-08-21'),('2024-08-22'),('2024-08-23'),('2024-08-24'),('2024-08-25'),('2024-08-26'),('2024-08-27'),('2024-08-28'),('2024-08-29'),('2024-08-30'),('2024-08-31'),('2024-09-01'),('2024-09-02'),('2024-09-03'),('2024-09-04'),('2024-09-05'),('2024-09-06'),('2024-09-07'),('2024-09-08'),('2024-09-09'),('2024-09-10'),('2024-09-11'),('2024-09-12'),('2024-09-13'),('2024-09-14'),('2024-09-15'),('2024-09-16'),('2024-09-17'),('2024-09-18'),('2024-09-19'),('2024-09-20'),('2024-09-21'),('2024-09-22'),('2024-09-23'),('2024-09-24'),('2024-09-25'),('2024-09-26'),('2024-09-27'),('2024-09-28'),('2024-09-29'),('2024-09-30'),('2024-10-01'),('2024-10-02'),('2024-10-03'),('2024-10-04'),('2024-10-05'),('2024-10-06'),('2024-10-07'),('2024-10-08'),('2024-10-09'),('2024-10-10'),('2024-10-11'),('2024-10-12'),('2024-10-13'),('2024-10-14'),('2024-10-15'),('2024-10-16'),('2024-10-17'),('2024-10-18'),('2024-10-19'),('2024-10-20'),('2024-10-21'),('2024-10-22'),('2024-10-23'),('2024-10-24'),('2024-10-25'),('2024-10-26'),('2024-10-27'),('2024-10-28'),('2024-10-29'),('2024-10-30'),('2024-10-31'),('2024-11-01'),('2024-11-02'),('2024-11-03'),('2024-11-04'),('2024-11-05'),('2024-11-06'),('2024-11-07'),('2024-11-08'),('2024-11-09'),('2024-11-10'),('2024-11-11'),('2024-11-12'),('2024-11-13'),('2024-11-14'),('2024-11-15'),('2024-11-16'),('2024-11-17'),('2024-11-18'),('2024-11-19'),('2024-11-20'),('2024-11-21'),('2024-11-22'),('2024-11-23'),('2024-11-24'),('2024-11-25'),('2024-11-26'),('2024-11-27'),('2024-11-28'),('2024-11-29'),('2024-11-30'),('2024-12-01'),('2024-12-02'),('2024-12-03'),('2024-12-04'),('2024-12-05'),('2024-12-06'),('2024-12-07'),('2024-12-08'),('2024-12-09'),('2024-12-10'),('2024-12-11'),('2024-12-12'),('2024-12-13'),('2024-12-14'),('2024-12-15'),('2024-12-16'),('2024-12-17'),('2024-12-18'),('2024-12-19'),('2024-12-20'),('2024-12-21'),('2024-12-22'),('2024-12-23'),('2024-12-24'),('2024-12-25'),('2024-12-26'),('2024-12-27'),('2024-12-28'),('2024-12-29'),('2024-12-30'),('2024-12-31'),('2025-01-01'),('2025-01-02'),('2025-01-03'),('2025-01-04'),('2025-01-05'),('2025-01-06'),('2025-01-07'),('2025-01-08'),('2025-01-09'),('2025-01-10'),('2025-01-11'),('2025-01-12'),('2025-01-13'),('2025-01-14'),('2025-01-15'),('2025-01-16'),('2025-01-17'),('2025-01-18'),('2025-01-19'),('2025-01-20'),('2025-01-21'),('2025-01-22'),('2025-01-23'),('2025-01-24'),('2025-01-25'),('2025-01-26'),('2025-01-27'),('2025-01-28'),('2025-01-29'),('2025-01-30'),('2025-01-31'),('2025-02-01'),('2025-02-02'),('2025-02-03'),('2025-02-04'),('2025-02-05'),('2025-02-06'),('2025-02-07'),('2025-02-08'),('2025-02-09'),('2025-02-10'),('2025-02-11'),('2025-02-12'),('2025-02-13'),('2025-02-14'),('2025-02-15'),('2025-02-16'),('2025-02-17'),('2025-02-18'),('2025-02-19'),('2025-02-20'),('2025-02-21'),('2025-02-22'),('2025-02-23'),('2025-02-24'),('2025-02-25'),('2025-02-26'),('2025-02-27'),('2025-02-28'),('2025-03-01'),('2025-03-02'),('2025-03-03'),('2025-03-04'),('2025-03-05'),('2025-03-06'),('2025-03-07'),('2025-03-08'),('2025-03-09'),('2025-03-10'),('2025-03-11'),('2025-03-12'),('2025-03-13'),('2025-03-14'),('2025-03-15'),('2025-03-16'),('2025-03-17'),('2025-03-18'),('2025-03-19'),('2025-03-20'),('2025-03-21'),('2025-03-22'),('2025-03-23'),('2025-03-24'),('2025-03-25'),('2025-03-26'),('2025-03-27'),('2025-03-28'),('2025-03-29'),('2025-03-30'),('2025-03-31'),('2025-04-01'),('2025-04-02'),('2025-04-03'),('2025-04-04'),('2025-04-05'),('2025-04-06'),('2025-04-07'),('2025-04-08'),('2025-04-09'),('2025-04-10'),('2025-04-11'),('2025-04-12'),('2025-04-13'),('2025-04-14'),('2025-04-15'),('2025-04-16'),('2025-04-17'),('2025-04-18'),('2025-04-19'),('2025-04-20'),('2025-04-21'),('2025-04-22'),('2025-04-23'),('2025-04-24'),('2025-04-25'),('2025-04-26'),('2025-04-27'),('2025-04-28'),('2025-04-29'),('2025-04-30'),('2025-05-01'),('2025-05-02'),('2025-05-03'),('2025-05-04'),('2025-05-05'),('2025-05-06'),('2025-05-07'),('2025-05-08'),('2025-05-09'),('2025-05-10'),('2025-05-11'),('2025-05-12'),('2025-05-13'),('2025-05-14'),('2025-05-15'),('2025-05-16'),('2025-05-17'),('2025-05-18'),('2025-05-19'),('2025-05-20'),('2025-05-21'),('2025-05-22'),('2025-05-23'),('2025-05-24'),('2025-05-25'),('2025-05-26'),('2025-05-27'),('2025-05-28'),('2025-05-29'),('2025-05-30'),('2025-05-31'),('2025-06-01'),('2025-06-02'),('2025-06-03'),('2025-06-04'),('2025-06-05'),('2025-06-06'),('2025-06-07'),('2025-06-08'),('2025-06-09'),('2025-06-10'),('2025-06-11'),('2025-06-12'),('2025-06-13'),('2025-06-14'),('2025-06-15'),('2025-06-16'),('2025-06-17'),('2025-06-18'),('2025-06-19'),('2025-06-20'),('2025-06-21'),('2025-06-22'),('2025-06-23'),('2025-06-24'),('2025-06-25'),('2025-06-26'),('2025-06-27'),('2025-06-28'),('2025-06-29'),('2025-06-30'),('2025-07-01'),('2025-07-02'),('2025-07-03'),('2025-07-04'),('2025-07-05'),('2025-07-06'),('2025-07-07'),('2025-07-08'),('2025-07-09'),('2025-07-10'),('2025-07-11'),('2025-07-12'),('2025-07-13'),('2025-07-14'),('2025-07-15'),('2025-07-16'),('2025-07-17'),('2025-07-18'),('2025-07-19'),('2025-07-20'),('2025-07-21'),('2025-07-22'),('2025-07-23'),('2025-07-24'),('2025-07-25'),('2025-07-26'),('2025-07-27'),('2025-07-28'),('2025-07-29'),('2025-07-30'),('2025-07-31'),('2025-08-01'),('2025-08-02'),('2025-08-03'),('2025-08-04'),('2025-08-05'),('2025-08-06'),('2025-08-07'),('2025-08-08'),('2025-08-09'),('2025-08-10'),('2025-08-11'),('2025-08-12'),('2025-08-13'),('2025-08-14'),('2025-08-15'),('2025-08-16'),('2025-08-17'),('2025-08-18'),('2025-08-19'),('2025-08-20'),('2025-08-21'),('2025-08-22'),('2025-08-23'),('2025-08-24'),('2025-08-25'),('2025-08-26'),('2025-08-27'),('2025-08-28'),('2025-08-29'),('2025-08-30'),('2025-08-31'),('2025-09-01'),('2025-09-02'),('2025-09-03'),('2025-09-04'),('2025-09-05'),('2025-09-06'),('2025-09-07'),('2025-09-08'),('2025-09-09'),('2025-09-10'),('2025-09-11'),('2025-09-12'),('2025-09-13'),('2025-09-14'),('2025-09-15'),('2025-09-16'),('2025-09-17'),('2025-09-18'),('2025-09-19'),('2025-09-20'),('2025-09-21'),('2025-09-22'),('2025-09-23'),('2025-09-24'),('2025-09-25'),('2025-09-26'),('2025-09-27'),('2025-09-28'),('2025-09-29'),('2025-09-30'),('2025-10-01'),('2025-10-02'),('2025-10-03'),('2025-10-04'),('2025-10-05'),('2025-10-06'),('2025-10-07'),('2025-10-08'),('2025-10-09'),('2025-10-10'),('2025-10-11'),('2025-10-12'),('2025-10-13'),('2025-10-14'),('2025-10-15'),('2025-10-16'),('2025-10-17'),('2025-10-18'),('2025-10-19'),('2025-10-20'),('2025-10-21'),('2025-10-22'),('2025-10-23'),('2025-10-24'),('2025-10-25'),('2025-10-26'),('2025-10-27'),('2025-10-28'),('2025-10-29'),('2025-10-30'),('2025-10-31'),('2025-11-01'),('2025-11-02'),('2025-11-03'),('2025-11-04'),('2025-11-05'),('2025-11-06'),('2025-11-07'),('2025-11-08'),('2025-11-09'),('2025-11-10'),('2025-11-11'),('2025-11-12'),('2025-11-13'),('2025-11-14'),('2025-11-15'),('2025-11-16'),('2025-11-17'),('2025-11-18'),('2025-11-19'),('2025-11-20'),('2025-11-21'),('2025-11-22'),('2025-11-23'),('2025-11-24'),('2025-11-25'),('2025-11-26'),('2025-11-27'),('2025-11-28'),('2025-11-29'),('2025-11-30'),('2025-12-01'),('2025-12-02'),('2025-12-03'),('2025-12-04'),('2025-12-05'),('2025-12-06'),('2025-12-07'),('2025-12-08'),('2025-12-09'),('2025-12-10'),('2025-12-11'),('2025-12-12'),('2025-12-13'),('2025-12-14'),('2025-12-15'),('2025-12-16'),('2025-12-17'),('2025-12-18'),('2025-12-19'),('2025-12-20'),('2025-12-21'),('2025-12-22'),('2025-12-23'),('2025-12-24'),('2025-12-25'),('2025-12-26'),('2025-12-27'),('2025-12-28'),('2025-12-29'),('2025-12-30'),('2025-12-31'),('2026-01-01'),('2026-01-02'),('2026-01-03'),('2026-01-04'),('2026-01-05'),('2026-01-06'),('2026-01-07'),('2026-01-08'),('2026-01-09'),('2026-01-10'),('2026-01-11'),('2026-01-12'),('2026-01-13'),('2026-01-14'),('2026-01-15'),('2026-01-16'),('2026-01-17'),('2026-01-18'),('2026-01-19'),('2026-01-20'),('2026-01-21'),('2026-01-22'),('2026-01-23'),('2026-01-24'),('2026-01-25'),('2026-01-26'),('2026-01-27'),('2026-01-28'),('2026-01-29'),('2026-01-30'),('2026-01-31'),('2026-02-01'),('2026-02-02'),('2026-02-03'),('2026-02-04'),('2026-02-05'),('2026-02-06'),('2026-02-07'),('2026-02-08'),('2026-02-09'),('2026-02-10'),('2026-02-11'),('2026-02-12'),('2026-02-13'),('2026-02-14'),('2026-02-15'),('2026-02-16'),('2026-02-17'),('2026-02-18'),('2026-02-19'),('2026-02-20'),('2026-02-21'),('2026-02-22'),('2026-02-23'),('2026-02-24'),('2026-02-25'),('2026-02-26'),('2026-02-27'),('2026-02-28'),('2026-03-01'),('2026-03-02'),('2026-03-03'),('2026-03-04'),('2026-03-05'),('2026-03-06'),('2026-03-07'),('2026-03-08'),('2026-03-09'),('2026-03-10'),('2026-03-11'),('2026-03-12'),('2026-03-13'),('2026-03-14'),('2026-03-15'),('2026-03-16'),('2026-03-17'),('2026-03-18'),('2026-03-19'),('2026-03-20'),('2026-03-21'),('2026-03-22'),('2026-03-23'),('2026-03-24'),('2026-03-25'),('2026-03-26'),('2026-03-27'),('2026-03-28'),('2026-03-29'),('2026-03-30'),('2026-03-31'),('2026-04-01'),('2026-04-02'),('2026-04-03'),('2026-04-04'),('2026-04-05'),('2026-04-06'),('2026-04-07'),('2026-04-08'),('2026-04-09'),('2026-04-10'),('2026-04-11'),('2026-04-12'),('2026-04-13'),('2026-04-14'),('2026-04-15'),('2026-04-16'),('2026-04-17'),('2026-04-18'),('2026-04-19'),('2026-04-20'),('2026-04-21'),('2026-04-22'),('2026-04-23'),('2026-04-24'),('2026-04-25'),('2026-04-26'),('2026-04-27'),('2026-04-28'),('2026-04-29'),('2026-04-30'),('2026-05-01'),('2026-05-02'),('2026-05-03'),('2026-05-04'),('2026-05-05'),('2026-05-06'),('2026-05-07'),('2026-05-08'),('2026-05-09'),('2026-05-10'),('2026-05-11'),('2026-05-12'),('2026-05-13'),('2026-05-14'),('2026-05-15'),('2026-05-16'),('2026-05-17'),('2026-05-18'),('2026-05-19'),('2026-05-20'),('2026-05-21'),('2026-05-22'),('2026-05-23'),('2026-05-24'),('2026-05-25'),('2026-05-26'),('2026-05-27'),('2026-05-28'),('2026-05-29'),('2026-05-30'),('2026-05-31'),('2026-06-01'),('2026-06-02'),('2026-06-03'),('2026-06-04'),('2026-06-05'),('2026-06-06'),('2026-06-07'),('2026-06-08'),('2026-06-09'),('2026-06-10'),('2026-06-11'),('2026-06-12'),('2026-06-13'),('2026-06-14'),('2026-06-15'),('2026-06-16'),('2026-06-17'),('2026-06-18'),('2026-06-19'),('2026-06-20'),('2026-06-21'),('2026-06-22'),('2026-06-23'),('2026-06-24'),('2026-06-25'),('2026-06-26'),('2026-06-27'),('2026-06-28'),('2026-06-29'),('2026-06-30'),('2026-07-01'),('2026-07-02'),('2026-07-03'),('2026-07-04'),('2026-07-05'),('2026-07-06'),('2026-07-07'),('2026-07-08'),('2026-07-09'),('2026-07-10'),('2026-07-11'),('2026-07-12'),('2026-07-13'),('2026-07-14'),('2026-07-15'),('2026-07-16'),('2026-07-17'),('2026-07-18'),('2026-07-19'),('2026-07-20'),('2026-07-21'),('2026-07-22'),('2026-07-23'),('2026-07-24'),('2026-07-25'),('2026-07-26'),('2026-07-27'),('2026-07-28'),('2026-07-29'),('2026-07-30'),('2026-07-31'),('2026-08-01'),('2026-08-02'),('2026-08-03'),('2026-08-04'),('2026-08-05'),('2026-08-06'),('2026-08-07'),('2026-08-08'),('2026-08-09'),('2026-08-10'),('2026-08-11'),('2026-08-12'),('2026-08-13'),('2026-08-14'),('2026-08-15'),('2026-08-16'),('2026-08-17'),('2026-08-18'),('2026-08-19'),('2026-08-20'),('2026-08-21'),('2026-08-22'),('2026-08-23'),('2026-08-24'),('2026-08-25'),('2026-08-26'),('2026-08-27'),('2026-08-28'),('2026-08-29'),('2026-08-30'),('2026-08-31'),('2026-09-01'),('2026-09-02'),('2026-09-03'),('2026-09-04'),('2026-09-05'),('2026-09-06'),('2026-09-07'),('2026-09-08'),('2026-09-09'),('2026-09-10'),('2026-09-11'),('2026-09-12'),('2026-09-13'),('2026-09-14'),('2026-09-15'),('2026-09-16'),('2026-09-17'),('2026-09-18'),('2026-09-19'),('2026-09-20'),('2026-09-21'),('2026-09-22'),('2026-09-23'),('2026-09-24'),('2026-09-25'),('2026-09-26'),('2026-09-27'),('2026-09-28'),('2026-09-29'),('2026-09-30'),('2026-10-01'),('2026-10-02'),('2026-10-03'),('2026-10-04'),('2026-10-05'),('2026-10-06'),('2026-10-07'),('2026-10-08'),('2026-10-09'),('2026-10-10'),('2026-10-11'),('2026-10-12'),('2026-10-13'),('2026-10-14'),('2026-10-15'),('2026-10-16'),('2026-10-17'),('2026-10-18'),('2026-10-19'),('2026-10-20'),('2026-10-21'),('2026-10-22'),('2026-10-23'),('2026-10-24'),('2026-10-25'),('2026-10-26'),('2026-10-27'),('2026-10-28'),('2026-10-29'),('2026-10-30'),('2026-10-31'),('2026-11-01'),('2026-11-02'),('2026-11-03'),('2026-11-04'),('2026-11-05'),('2026-11-06'),('2026-11-07'),('2026-11-08'),('2026-11-09'),('2026-11-10'),('2026-11-11'),('2026-11-12'),('2026-11-13'),('2026-11-14'),('2026-11-15'),('2026-11-16'),('2026-11-17'),('2026-11-18'),('2026-11-19'),('2026-11-20'),('2026-11-21'),('2026-11-22'),('2026-11-23'),('2026-11-24'),('2026-11-25'),('2026-11-26'),('2026-11-27'),('2026-11-28'),('2026-11-29'),('2026-11-30'),('2026-12-01'),('2026-12-02'),('2026-12-03'),('2026-12-04'),('2026-12-05'),('2026-12-06'),('2026-12-07'),('2026-12-08'),('2026-12-09'),('2026-12-10'),('2026-12-11'),('2026-12-12'),('2026-12-13'),('2026-12-14'),('2026-12-15'),('2026-12-16'),('2026-12-17'),('2026-12-18'),('2026-12-19'),('2026-12-20'),('2026-12-21'),('2026-12-22'),('2026-12-23'),('2026-12-24'),('2026-12-25'),('2026-12-26'),('2026-12-27'),('2026-12-28'),('2026-12-29'),('2026-12-30'),('2026-12-31'),('2027-01-01'),('2027-01-02'),('2027-01-03'),('2027-01-04'),('2027-01-05'),('2027-01-06'),('2027-01-07'),('2027-01-08'),('2027-01-09'),('2027-01-10'),('2027-01-11'),('2027-01-12'),('2027-01-13'),('2027-01-14'),('2027-01-15'),('2027-01-16'),('2027-01-17'),('2027-01-18'),('2027-01-19'),('2027-01-20'),('2027-01-21'),('2027-01-22'),('2027-01-23'),('2027-01-24'),('2027-01-25'),('2027-01-26'),('2027-01-27'),('2027-01-28'),('2027-01-29'),('2027-01-30'),('2027-01-31'),('2027-02-01'),('2027-02-02'),('2027-02-03'),('2027-02-04'),('2027-02-05'),('2027-02-06'),('2027-02-07'),('2027-02-08'),('2027-02-09'),('2027-02-10'),('2027-02-11'),('2027-02-12'),('2027-02-13'),('2027-02-14'),('2027-02-15'),('2027-02-16'),('2027-02-17'),('2027-02-18'),('2027-02-19'),('2027-02-20'),('2027-02-21'),('2027-02-22'),('2027-02-23'),('2027-02-24'),('2027-02-25'),('2027-02-26'),('2027-02-27'),('2027-02-28'),('2027-03-01'),('2027-03-02'),('2027-03-03'),('2027-03-04'),('2027-03-05'),('2027-03-06'),('2027-03-07'),('2027-03-08'),('2027-03-09'),('2027-03-10'),('2027-03-11'),('2027-03-12'),('2027-03-13'),('2027-03-14'),('2027-03-15'),('2027-03-16'),('2027-03-17'),('2027-03-18'),('2027-03-19'),('2027-03-20'),('2027-03-21'),('2027-03-22'),('2027-03-23'),('2027-03-24'),('2027-03-25'),('2027-03-26'),('2027-03-27'),('2027-03-28'),('2027-03-29'),('2027-03-30'),('2027-03-31'),('2027-04-01'),('2027-04-02'),('2027-04-03'),('2027-04-04'),('2027-04-05'),('2027-04-06'),('2027-04-07'),('2027-04-08'),('2027-04-09'),('2027-04-10'),('2027-04-11'),('2027-04-12'),('2027-04-13'),('2027-04-14'),('2027-04-15'),('2027-04-16'),('2027-04-17'),('2027-04-18'),('2027-04-19'),('2027-04-20'),('2027-04-21'),('2027-04-22'),('2027-04-23'),('2027-04-24'),('2027-04-25'),('2027-04-26'),('2027-04-27'),('2027-04-28'),('2027-04-29'),('2027-04-30'),('2027-05-01'),('2027-05-02'),('2027-05-03'),('2027-05-04'),('2027-05-05'),('2027-05-06'),('2027-05-07'),('2027-05-08'),('2027-05-09'),('2027-05-10'),('2027-05-11'),('2027-05-12'),('2027-05-13'),('2027-05-14'),('2027-05-15'),('2027-05-16'),('2027-05-17'),('2027-05-18'),('2027-05-19'),('2027-05-20'),('2027-05-21'),('2027-05-22'),('2027-05-23'),('2027-05-24'),('2027-05-25'),('2027-05-26'),('2027-05-27'),('2027-05-28'),('2027-05-29'),('2027-05-30'),('2027-05-31'),('2027-06-01'),('2027-06-02'),('2027-06-03'),('2027-06-04'),('2027-06-05'),('2027-06-06'),('2027-06-07'),('2027-06-08'),('2027-06-09'),('2027-06-10'),('2027-06-11'),('2027-06-12'),('2027-06-13'),('2027-06-14'),('2027-06-15'),('2027-06-16'),('2027-06-17'),('2027-06-18'),('2027-06-19'),('2027-06-20'),('2027-06-21'),('2027-06-22'),('2027-06-23'),('2027-06-24'),('2027-06-25'),('2027-06-26'),('2027-06-27'),('2027-06-28'),('2027-06-29'),('2027-06-30'),('2027-07-01'),('2027-07-02'),('2027-07-03'),('2027-07-04'),('2027-07-05'),('2027-07-06'),('2027-07-07'),('2027-07-08'),('2027-07-09'),('2027-07-10'),('2027-07-11'),('2027-07-12'),('2027-07-13'),('2027-07-14'),('2027-07-15'),('2027-07-16'),('2027-07-17'),('2027-07-18'),('2027-07-19'),('2027-07-20'),('2027-07-21'),('2027-07-22'),('2027-07-23'),('2027-07-24'),('2027-07-25'),('2027-07-26'),('2027-07-27'),('2027-07-28'),('2027-07-29'),('2027-07-30'),('2027-07-31'),('2027-08-01'),('2027-08-02'),('2027-08-03'),('2027-08-04'),('2027-08-05'),('2027-08-06'),('2027-08-07'),('2027-08-08'),('2027-08-09'),('2027-08-10'),('2027-08-11'),('2027-08-12'),('2027-08-13'),('2027-08-14'),('2027-08-15'),('2027-08-16'),('2027-08-17'),('2027-08-18'),('2027-08-19'),('2027-08-20'),('2027-08-21'),('2027-08-22'),('2027-08-23'),('2027-08-24'),('2027-08-25'),('2027-08-26'),('2027-08-27'),('2027-08-28'),('2027-08-29'),('2027-08-30'),('2027-08-31'),('2027-09-01'),('2027-09-02'),('2027-09-03'),('2027-09-04'),('2027-09-05'),('2027-09-06'),('2027-09-07'),('2027-09-08'),('2027-09-09'),('2027-09-10'),('2027-09-11'),('2027-09-12'),('2027-09-13'),('2027-09-14'),('2027-09-15'),('2027-09-16'),('2027-09-17'),('2027-09-18'),('2027-09-19'),('2027-09-20'),('2027-09-21'),('2027-09-22'),('2027-09-23'),('2027-09-24'),('2027-09-25'),('2027-09-26'),('2027-09-27'),('2027-09-28'),('2027-09-29'),('2027-09-30'),('2027-10-01'),('2027-10-02'),('2027-10-03'),('2027-10-04'),('2027-10-05'),('2027-10-06'),('2027-10-07'),('2027-10-08'),('2027-10-09'),('2027-10-10'),('2027-10-11'),('2027-10-12'),('2027-10-13'),('2027-10-14'),('2027-10-15'),('2027-10-16'),('2027-10-17'),('2027-10-18'),('2027-10-19'),('2027-10-20'),('2027-10-21'),('2027-10-22'),('2027-10-23'),('2027-10-24'),('2027-10-25'),('2027-10-26'),('2027-10-27'),('2027-10-28'),('2027-10-29'),('2027-10-30'),('2027-10-31'),('2027-11-01'),('2027-11-02'),('2027-11-03'),('2027-11-04'),('2027-11-05'),('2027-11-06'),('2027-11-07'),('2027-11-08'),('2027-11-09'),('2027-11-10'),('2027-11-11'),('2027-11-12'),('2027-11-13'),('2027-11-14'),('2027-11-15'),('2027-11-16'),('2027-11-17'),('2027-11-18'),('2027-11-19'),('2027-11-20'),('2027-11-21'),('2027-11-22'),('2027-11-23'),('2027-11-24'),('2027-11-25'),('2027-11-26'),('2027-11-27'),('2027-11-28'),('2027-11-29'),('2027-11-30'),('2027-12-01'),('2027-12-02'),('2027-12-03'),('2027-12-04'),('2027-12-05'),('2027-12-06'),('2027-12-07'),('2027-12-08'),('2027-12-09'),('2027-12-10'),('2027-12-11'),('2027-12-12'),('2027-12-13'),('2027-12-14'),('2027-12-15'),('2027-12-16'),('2027-12-17'),('2027-12-18'),('2027-12-19'),('2027-12-20'),('2027-12-21'),('2027-12-22'),('2027-12-23'),('2027-12-24'),('2027-12-25'),('2027-12-26'),('2027-12-27'),('2027-12-28'),('2027-12-29'),('2027-12-30'),('2027-12-31'),('2028-01-01'),('2028-01-02'),('2028-01-03'),('2028-01-04'),('2028-01-05'),('2028-01-06'),('2028-01-07'),('2028-01-08'),('2028-01-09'),('2028-01-10'),('2028-01-11'),('2028-01-12'),('2028-01-13'),('2028-01-14'),('2028-01-15'),('2028-01-16'),('2028-01-17'),('2028-01-18'),('2028-01-19'),('2028-01-20'),('2028-01-21'),('2028-01-22'),('2028-01-23'),('2028-01-24'),('2028-01-25'),('2028-01-26'),('2028-01-27'),('2028-01-28'),('2028-01-29'),('2028-01-30'),('2028-01-31'),('2028-02-01'),('2028-02-02'),('2028-02-03'),('2028-02-04'),('2028-02-05'),('2028-02-06'),('2028-02-07'),('2028-02-08'),('2028-02-09'),('2028-02-10'),('2028-02-11'),('2028-02-12'),('2028-02-13'),('2028-02-14'),('2028-02-15'),('2028-02-16'),('2028-02-17'),('2028-02-18'),('2028-02-19'),('2028-02-20'),('2028-02-21'),('2028-02-22'),('2028-02-23'),('2028-02-24'),('2028-02-25'),('2028-02-26'),('2028-02-27'),('2028-02-28'),('2028-02-29'),('2028-03-01'),('2028-03-02'),('2028-03-03'),('2028-03-04'),('2028-03-05'),('2028-03-06'),('2028-03-07'),('2028-03-08'),('2028-03-09'),('2028-03-10'),('2028-03-11'),('2028-03-12'),('2028-03-13'),('2028-03-14'),('2028-03-15'),('2028-03-16'),('2028-03-17'),('2028-03-18'),('2028-03-19'),('2028-03-20'),('2028-03-21'),('2028-03-22'),('2028-03-23'),('2028-03-24'),('2028-03-25'),('2028-03-26'),('2028-03-27'),('2028-03-28'),('2028-03-29'),('2028-03-30'),('2028-03-31'),('2028-04-01'),('2028-04-02'),('2028-04-03'),('2028-04-04'),('2028-04-05'),('2028-04-06'),('2028-04-07'),('2028-04-08'),('2028-04-09'),('2028-04-10'),('2028-04-11'),('2028-04-12'),('2028-04-13'),('2028-04-14'),('2028-04-15'),('2028-04-16'),('2028-04-17'),('2028-04-18'),('2028-04-19'),('2028-04-20'),('2028-04-21'),('2028-04-22'),('2028-04-23'),('2028-04-24'),('2028-04-25'),('2028-04-26'),('2028-04-27'),('2028-04-28'),('2028-04-29'),('2028-04-30'),('2028-05-01'),('2028-05-02'),('2028-05-03'),('2028-05-04'),('2028-05-05'),('2028-05-06'),('2028-05-07'),('2028-05-08'),('2028-05-09'),('2028-05-10'),('2028-05-11'),('2028-05-12'),('2028-05-13'),('2028-05-14'),('2028-05-15'),('2028-05-16'),('2028-05-17'),('2028-05-18'),('2028-05-19'),('2028-05-20'),('2028-05-21'),('2028-05-22'),('2028-05-23'),('2028-05-24'),('2028-05-25'),('2028-05-26'),('2028-05-27'),('2028-05-28'),('2028-05-29'),('2028-05-30'),('2028-05-31'),('2028-06-01'),('2028-06-02'),('2028-06-03'),('2028-06-04'),('2028-06-05'),('2028-06-06'),('2028-06-07'),('2028-06-08'),('2028-06-09'),('2028-06-10'),('2028-06-11'),('2028-06-12'),('2028-06-13'),('2028-06-14'),('2028-06-15'),('2028-06-16'),('2028-06-17'),('2028-06-18'),('2028-06-19'),('2028-06-20'),('2028-06-21'),('2028-06-22'),('2028-06-23'),('2028-06-24'),('2028-06-25'),('2028-06-26'),('2028-06-27'),('2028-06-28'),('2028-06-29'),('2028-06-30'),('2028-07-01'),('2028-07-02'),('2028-07-03'),('2028-07-04'),('2028-07-05'),('2028-07-06'),('2028-07-07'),('2028-07-08'),('2028-07-09'),('2028-07-10'),('2028-07-11'),('2028-07-12'),('2028-07-13'),('2028-07-14'),('2028-07-15'),('2028-07-16'),('2028-07-17'),('2028-07-18'),('2028-07-19'),('2028-07-20'),('2028-07-21'),('2028-07-22'),('2028-07-23'),('2028-07-24'),('2028-07-25'),('2028-07-26'),('2028-07-27'),('2028-07-28'),('2028-07-29'),('2028-07-30'),('2028-07-31'),('2028-08-01'),('2028-08-02'),('2028-08-03'),('2028-08-04'),('2028-08-05'),('2028-08-06'),('2028-08-07'),('2028-08-08'),('2028-08-09'),('2028-08-10'),('2028-08-11'),('2028-08-12'),('2028-08-13'),('2028-08-14'),('2028-08-15'),('2028-08-16'),('2028-08-17'),('2028-08-18'),('2028-08-19'),('2028-08-20'),('2028-08-21'),('2028-08-22'),('2028-08-23'),('2028-08-24'),('2028-08-25'),('2028-08-26'),('2028-08-27'),('2028-08-28'),('2028-08-29'),('2028-08-30'),('2028-08-31'),('2028-09-01'),('2028-09-02'),('2028-09-03'),('2028-09-04'),('2028-09-05'),('2028-09-06'),('2028-09-07'),('2028-09-08'),('2028-09-09'),('2028-09-10'),('2028-09-11'),('2028-09-12'),('2028-09-13'),('2028-09-14'),('2028-09-15'),('2028-09-16'),('2028-09-17'),('2028-09-18'),('2028-09-19'),('2028-09-20'),('2028-09-21'),('2028-09-22'),('2028-09-23'),('2028-09-24'),('2028-09-25'),('2028-09-26'),('2028-09-27'),('2028-09-28'),('2028-09-29'),('2028-09-30'),('2028-10-01'),('2028-10-02'),('2028-10-03'),('2028-10-04'),('2028-10-05'),('2028-10-06'),('2028-10-07'),('2028-10-08'),('2028-10-09'),('2028-10-10'),('2028-10-11'),('2028-10-12'),('2028-10-13'),('2028-10-14'),('2028-10-15'),('2028-10-16'),('2028-10-17'),('2028-10-18'),('2028-10-19'),('2028-10-20'),('2028-10-21'),('2028-10-22'),('2028-10-23'),('2028-10-24'),('2028-10-25'),('2028-10-26'),('2028-10-27'),('2028-10-28'),('2028-10-29'),('2028-10-30'),('2028-10-31'),('2028-11-01'),('2028-11-02'),('2028-11-03'),('2028-11-04'),('2028-11-05'),('2028-11-06'),('2028-11-07'),('2028-11-08'),('2028-11-09'),('2028-11-10'),('2028-11-11'),('2028-11-12'),('2028-11-13'),('2028-11-14'),('2028-11-15'),('2028-11-16'),('2028-11-17'),('2028-11-18'),('2028-11-19'),('2028-11-20'),('2028-11-21'),('2028-11-22'),('2028-11-23'),('2028-11-24'),('2028-11-25'),('2028-11-26'),('2028-11-27'),('2028-11-28'),('2028-11-29'),('2028-11-30'),('2028-12-01'),('2028-12-02'),('2028-12-03'),('2028-12-04'),('2028-12-05'),('2028-12-06'),('2028-12-07'),('2028-12-08'),('2028-12-09'),('2028-12-10'),('2028-12-11'),('2028-12-12'),('2028-12-13'),('2028-12-14'),('2028-12-15'),('2028-12-16'),('2028-12-17'),('2028-12-18'),('2028-12-19'),('2028-12-20'),('2028-12-21'),('2028-12-22'),('2028-12-23'),('2028-12-24'),('2028-12-25'),('2028-12-26'),('2028-12-27'),('2028-12-28'),('2028-12-29'),('2028-12-30'),('2028-12-31'),('2029-01-01'),('2029-01-02'),('2029-01-03'),('2029-01-04'),('2029-01-05'),('2029-01-06'),('2029-01-07'),('2029-01-08'),('2029-01-09'),('2029-01-10'),('2029-01-11'),('2029-01-12'),('2029-01-13'),('2029-01-14'),('2029-01-15'),('2029-01-16'),('2029-01-17'),('2029-01-18'),('2029-01-19'),('2029-01-20'),('2029-01-21'),('2029-01-22'),('2029-01-23'),('2029-01-24'),('2029-01-25'),('2029-01-26'),('2029-01-27'),('2029-01-28'),('2029-01-29'),('2029-01-30'),('2029-01-31'),('2029-02-01'),('2029-02-02'),('2029-02-03'),('2029-02-04'),('2029-02-05'),('2029-02-06'),('2029-02-07'),('2029-02-08'),('2029-02-09'),('2029-02-10'),('2029-02-11'),('2029-02-12'),('2029-02-13'),('2029-02-14'),('2029-02-15'),('2029-02-16'),('2029-02-17'),('2029-02-18'),('2029-02-19'),('2029-02-20'),('2029-02-21'),('2029-02-22'),('2029-02-23'),('2029-02-24'),('2029-02-25'),('2029-02-26'),('2029-02-27'),('2029-02-28'),('2029-03-01'),('2029-03-02'),('2029-03-03'),('2029-03-04'),('2029-03-05'),('2029-03-06'),('2029-03-07'),('2029-03-08'),('2029-03-09'),('2029-03-10'),('2029-03-11'),('2029-03-12'),('2029-03-13'),('2029-03-14'),('2029-03-15'),('2029-03-16'),('2029-03-17'),('2029-03-18'),('2029-03-19'),('2029-03-20'),('2029-03-21'),('2029-03-22'),('2029-03-23'),('2029-03-24'),('2029-03-25'),('2029-03-26'),('2029-03-27'),('2029-03-28'),('2029-03-29'),('2029-03-30'),('2029-03-31'),('2029-04-01'),('2029-04-02'),('2029-04-03'),('2029-04-04'),('2029-04-05'),('2029-04-06'),('2029-04-07'),('2029-04-08'),('2029-04-09'),('2029-04-10'),('2029-04-11'),('2029-04-12'),('2029-04-13'),('2029-04-14'),('2029-04-15'),('2029-04-16'),('2029-04-17'),('2029-04-18'),('2029-04-19'),('2029-04-20'),('2029-04-21'),('2029-04-22'),('2029-04-23'),('2029-04-24'),('2029-04-25'),('2029-04-26'),('2029-04-27'),('2029-04-28'),('2029-04-29'),('2029-04-30'),('2029-05-01'),('2029-05-02'),('2029-05-03'),('2029-05-04'),('2029-05-05'),('2029-05-06'),('2029-05-07'),('2029-05-08'),('2029-05-09'),('2029-05-10'),('2029-05-11'),('2029-05-12'),('2029-05-13'),('2029-05-14'),('2029-05-15'),('2029-05-16'),('2029-05-17'),('2029-05-18'),('2029-05-19'),('2029-05-20'),('2029-05-21'),('2029-05-22'),('2029-05-23'),('2029-05-24'),('2029-05-25'),('2029-05-26'),('2029-05-27'),('2029-05-28'),('2029-05-29'),('2029-05-30'),('2029-05-31'),('2029-06-01'),('2029-06-02'),('2029-06-03'),('2029-06-04'),('2029-06-05'),('2029-06-06'),('2029-06-07'),('2029-06-08'),('2029-06-09'),('2029-06-10'),('2029-06-11'),('2029-06-12'),('2029-06-13'),('2029-06-14'),('2029-06-15'),('2029-06-16'),('2029-06-17'),('2029-06-18'),('2029-06-19'),('2029-06-20'),('2029-06-21'),('2029-06-22'),('2029-06-23'),('2029-06-24'),('2029-06-25'),('2029-06-26'),('2029-06-27'),('2029-06-28'),('2029-06-29'),('2029-06-30'),('2029-07-01'),('2029-07-02'),('2029-07-03'),('2029-07-04'),('2029-07-05'),('2029-07-06'),('2029-07-07'),('2029-07-08'),('2029-07-09'),('2029-07-10'),('2029-07-11'),('2029-07-12'),('2029-07-13'),('2029-07-14'),('2029-07-15'),('2029-07-16'),('2029-07-17'),('2029-07-18'),('2029-07-19'),('2029-07-20'),('2029-07-21'),('2029-07-22'),('2029-07-23'),('2029-07-24'),('2029-07-25'),('2029-07-26'),('2029-07-27'),('2029-07-28'),('2029-07-29'),('2029-07-30'),('2029-07-31'),('2029-08-01'),('2029-08-02'),('2029-08-03'),('2029-08-04'),('2029-08-05'),('2029-08-06'),('2029-08-07'),('2029-08-08'),('2029-08-09'),('2029-08-10'),('2029-08-11'),('2029-08-12'),('2029-08-13'),('2029-08-14'),('2029-08-15'),('2029-08-16'),('2029-08-17'),('2029-08-18'),('2029-08-19'),('2029-08-20'),('2029-08-21'),('2029-08-22'),('2029-08-23'),('2029-08-24'),('2029-08-25'),('2029-08-26'),('2029-08-27'),('2029-08-28'),('2029-08-29'),('2029-08-30'),('2029-08-31'),('2029-09-01'),('2029-09-02'),('2029-09-03'),('2029-09-04'),('2029-09-05'),('2029-09-06'),('2029-09-07'),('2029-09-08'),('2029-09-09'),('2029-09-10'),('2029-09-11'),('2029-09-12'),('2029-09-13'),('2029-09-14'),('2029-09-15'),('2029-09-16'),('2029-09-17'),('2029-09-18'),('2029-09-19'),('2029-09-20'),('2029-09-21'),('2029-09-22'),('2029-09-23'),('2029-09-24'),('2029-09-25'),('2029-09-26'),('2029-09-27'),('2029-09-28'),('2029-09-29'),('2029-09-30'),('2029-10-01'),('2029-10-02'),('2029-10-03'),('2029-10-04'),('2029-10-05'),('2029-10-06'),('2029-10-07'),('2029-10-08'),('2029-10-09'),('2029-10-10'),('2029-10-11'),('2029-10-12'),('2029-10-13'),('2029-10-14'),('2029-10-15'),('2029-10-16'),('2029-10-17'),('2029-10-18'),('2029-10-19'),('2029-10-20'),('2029-10-21'),('2029-10-22'),('2029-10-23'),('2029-10-24'),('2029-10-25'),('2029-10-26'),('2029-10-27'),('2029-10-28'),('2029-10-29'),('2029-10-30'),('2029-10-31'),('2029-11-01'),('2029-11-02'),('2029-11-03'),('2029-11-04'),('2029-11-05'),('2029-11-06'),('2029-11-07'),('2029-11-08'),('2029-11-09'),('2029-11-10'),('2029-11-11'),('2029-11-12'),('2029-11-13'),('2029-11-14'),('2029-11-15'),('2029-11-16'),('2029-11-17'),('2029-11-18'),('2029-11-19'),('2029-11-20'),('2029-11-21'),('2029-11-22'),('2029-11-23'),('2029-11-24'),('2029-11-25'),('2029-11-26'),('2029-11-27'),('2029-11-28'),('2029-11-29'),('2029-11-30'),('2029-12-01'),('2029-12-02'),('2029-12-03'),('2029-12-04'),('2029-12-05'),('2029-12-06'),('2029-12-07'),('2029-12-08'),('2029-12-09'),('2029-12-10'),('2029-12-11'),('2029-12-12'),('2029-12-13'),('2029-12-14'),('2029-12-15'),('2029-12-16'),('2029-12-17'),('2029-12-18'),('2029-12-19'),('2029-12-20'),('2029-12-21'),('2029-12-22'),('2029-12-23'),('2029-12-24'),('2029-12-25'),('2029-12-26'),('2029-12-27'),('2029-12-28'),('2029-12-29'),('2029-12-30'),('2029-12-31'),('2030-01-01'),('2030-01-02'),('2030-01-03'),('2030-01-04'),('2030-01-05'),('2030-01-06'),('2030-01-07'),('2030-01-08'),('2030-01-09'),('2030-01-10'),('2030-01-11'),('2030-01-12'),('2030-01-13'),('2030-01-14'),('2030-01-15'),('2030-01-16'),('2030-01-17'),('2030-01-18'),('2030-01-19'),('2030-01-20'),('2030-01-21'),('2030-01-22'),('2030-01-23'),('2030-01-24'),('2030-01-25'),('2030-01-26'),('2030-01-27'),('2030-01-28'),('2030-01-29'),('2030-01-30'),('2030-01-31'),('2030-02-01'),('2030-02-02'),('2030-02-03'),('2030-02-04'),('2030-02-05'),('2030-02-06'),('2030-02-07'),('2030-02-08'),('2030-02-09'),('2030-02-10'),('2030-02-11'),('2030-02-12'),('2030-02-13'),('2030-02-14'),('2030-02-15'),('2030-02-16'),('2030-02-17'),('2030-02-18'),('2030-02-19'),('2030-02-20'),('2030-02-21'),('2030-02-22'),('2030-02-23'),('2030-02-24'),('2030-02-25'),('2030-02-26'),('2030-02-27'),('2030-02-28'),('2030-03-01'),('2030-03-02'),('2030-03-03'),('2030-03-04'),('2030-03-05'),('2030-03-06'),('2030-03-07'),('2030-03-08'),('2030-03-09'),('2030-03-10'),('2030-03-11'),('2030-03-12'),('2030-03-13'),('2030-03-14'),('2030-03-15'),('2030-03-16'),('2030-03-17'),('2030-03-18'),('2030-03-19'),('2030-03-20'),('2030-03-21'),('2030-03-22'),('2030-03-23'),('2030-03-24'),('2030-03-25'),('2030-03-26'),('2030-03-27'),('2030-03-28'),('2030-03-29'),('2030-03-30'),('2030-03-31'),('2030-04-01'),('2030-04-02'),('2030-04-03'),('2030-04-04'),('2030-04-05'),('2030-04-06'),('2030-04-07'),('2030-04-08'),('2030-04-09'),('2030-04-10'),('2030-04-11'),('2030-04-12'),('2030-04-13'),('2030-04-14'),('2030-04-15'),('2030-04-16'),('2030-04-17'),('2030-04-18'),('2030-04-19'),('2030-04-20'),('2030-04-21'),('2030-04-22'),('2030-04-23'),('2030-04-24'),('2030-04-25'),('2030-04-26'),('2030-04-27'),('2030-04-28'),('2030-04-29'),('2030-04-30'),('2030-05-01'),('2030-05-02'),('2030-05-03'),('2030-05-04'),('2030-05-05'),('2030-05-06'),('2030-05-07'),('2030-05-08'),('2030-05-09'),('2030-05-10'),('2030-05-11'),('2030-05-12'),('2030-05-13'),('2030-05-14'),('2030-05-15'),('2030-05-16'),('2030-05-17'),('2030-05-18'),('2030-05-19'),('2030-05-20'),('2030-05-21'),('2030-05-22'),('2030-05-23'),('2030-05-24'),('2030-05-25'),('2030-05-26'),('2030-05-27'),('2030-05-28'),('2030-05-29'),('2030-05-30'),('2030-05-31'),('2030-06-01'),('2030-06-02'),('2030-06-03'),('2030-06-04'),('2030-06-05'),('2030-06-06'),('2030-06-07'),('2030-06-08'),('2030-06-09'),('2030-06-10'),('2030-06-11'),('2030-06-12'),('2030-06-13'),('2030-06-14'),('2030-06-15'),('2030-06-16'),('2030-06-17'),('2030-06-18'),('2030-06-19'),('2030-06-20'),('2030-06-21'),('2030-06-22'),('2030-06-23'),('2030-06-24'),('2030-06-25'),('2030-06-26'),('2030-06-27'),('2030-06-28'),('2030-06-29'),('2030-06-30'),('2030-07-01'),('2030-07-02'),('2030-07-03'),('2030-07-04'),('2030-07-05'),('2030-07-06'),('2030-07-07'),('2030-07-08'),('2030-07-09'),('2030-07-10'),('2030-07-11'),('2030-07-12'),('2030-07-13'),('2030-07-14'),('2030-07-15'),('2030-07-16'),('2030-07-17'),('2030-07-18'),('2030-07-19'),('2030-07-20'),('2030-07-21'),('2030-07-22'),('2030-07-23'),('2030-07-24'),('2030-07-25'),('2030-07-26'),('2030-07-27'),('2030-07-28'),('2030-07-29'),('2030-07-30'),('2030-07-31'),('2030-08-01'),('2030-08-02'),('2030-08-03'),('2030-08-04'),('2030-08-05'),('2030-08-06'),('2030-08-07'),('2030-08-08'),('2030-08-09'),('2030-08-10'),('2030-08-11'),('2030-08-12'),('2030-08-13'),('2030-08-14'),('2030-08-15'),('2030-08-16'),('2030-08-17'),('2030-08-18'),('2030-08-19'),('2030-08-20'),('2030-08-21'),('2030-08-22'),('2030-08-23'),('2030-08-24'),('2030-08-25'),('2030-08-26'),('2030-08-27'),('2030-08-28'),('2030-08-29'),('2030-08-30'),('2030-08-31'),('2030-09-01'),('2030-09-02'),('2030-09-03'),('2030-09-04'),('2030-09-05'),('2030-09-06'),('2030-09-07'),('2030-09-08'),('2030-09-09'),('2030-09-10'),('2030-09-11'),('2030-09-12'),('2030-09-13'),('2030-09-14'),('2030-09-15'),('2030-09-16'),('2030-09-17'),('2030-09-18'),('2030-09-19'),('2030-09-20'),('2030-09-21'),('2030-09-22'),('2030-09-23'),('2030-09-24'),('2030-09-25'),('2030-09-26'),('2030-09-27'),('2030-09-28'),('2030-09-29'),('2030-09-30'),('2030-10-01'),('2030-10-02'),('2030-10-03'),('2030-10-04'),('2030-10-05'),('2030-10-06'),('2030-10-07'),('2030-10-08'),('2030-10-09'),('2030-10-10'),('2030-10-11'),('2030-10-12'),('2030-10-13'),('2030-10-14'),('2030-10-15'),('2030-10-16'),('2030-10-17'),('2030-10-18'),('2030-10-19'),('2030-10-20'),('2030-10-21'),('2030-10-22'),('2030-10-23'),('2030-10-24'),('2030-10-25'),('2030-10-26'),('2030-10-27'),('2030-10-28'),('2030-10-29'),('2030-10-30'),('2030-10-31'),('2030-11-01'),('2030-11-02'),('2030-11-03'),('2030-11-04'),('2030-11-05'),('2030-11-06'),('2030-11-07'),('2030-11-08'),('2030-11-09'),('2030-11-10'),('2030-11-11'),('2030-11-12'),('2030-11-13'),('2030-11-14'),('2030-11-15'),('2030-11-16'),('2030-11-17'),('2030-11-18'),('2030-11-19'),('2030-11-20'),('2030-11-21'),('2030-11-22'),('2030-11-23'),('2030-11-24'),('2030-11-25'),('2030-11-26'),('2030-11-27'),('2030-11-28'),('2030-11-29'),('2030-11-30'),('2030-12-01'),('2030-12-02'),('2030-12-03'),('2030-12-04'),('2030-12-05'),('2030-12-06'),('2030-12-07'),('2030-12-08'),('2030-12-09'),('2030-12-10'),('2030-12-11'),('2030-12-12'),('2030-12-13'),('2030-12-14'),('2030-12-15'),('2030-12-16'),('2030-12-17'),('2030-12-18'),('2030-12-19'),('2030-12-20'),('2030-12-21'),('2030-12-22'),('2030-12-23'),('2030-12-24'),('2030-12-25'),('2030-12-26'),('2030-12-27'),('2030-12-28'),('2030-12-29'),('2030-12-30'),('2030-12-31');
/*!40000 ALTER TABLE `calendar` ENABLE KEYS */;
UNLOCK TABLES;

--
-- Table structure for table `connect`
--

DROP TABLE IF EXISTS `connect`;
/*!40101 SET @saved_cs_client     = @@character_set_client */;
/*!40101 SET character_set_client = utf8 */;
CREATE TABLE `connect` (
  `SiteName` varchar(255) NOT NULL DEFAULT 'NONE',
  `TransitType` enum('MARTA','Bike','Bus') NOT NULL,
  `TransitRoute` varchar(255) NOT NULL DEFAULT 'NONE',
  PRIMARY KEY (`SiteName`,`TransitType`,`TransitRoute`)
) ENGINE=InnoDB DEFAULT CHARSET=latin1;
/*!40101 SET character_set_client = @saved_cs_client */;

--
-- Dumping data for table `connect`
--

LOCK TABLES `connect` WRITE;
/*!40000 ALTER TABLE `connect` DISABLE KEYS */;
INSERT INTO `connect` VALUES ('Historic Fourth Ward Park','MARTA','Blue'),('Historic Fourth Ward Park','Bike','Relay'),('Historic Fourth Ward Park','Bus','152'),('Inman Park','MARTA','Blue'),('Inman Park','Bus','152'),('Piedmont Park','MARTA','Blue'),('Piedmont Park','Bike','Relay'),('Piedmont Park','Bus','152'),('Westview Cemetery','MARTA','Blue');
/*!40000 ALTER TABLE `connect` ENABLE KEYS */;
UNLOCK TABLES;

--
-- Table structure for table `employee`
--

DROP TABLE IF EXISTS `employee`;
/*!40101 SET @saved_cs_client     = @@character_set_client */;
/*!40101 SET character_set_client = utf8 */;
CREATE TABLE `employee` (
  `Username` varchar(255) NOT NULL DEFAULT 'NONE',
  `EmployeeID` varchar(9) DEFAULT 'NONE',
  `Phone` varchar(10) NOT NULL,
  `EmployeeAddress` varchar(255) NOT NULL DEFAULT 'NONE',
  `EmployeeCity` varchar(255) NOT NULL DEFAULT 'NONE',
  `EmployeeState` varchar(255) NOT NULL DEFAULT 'NONE',
  `EmployeeZipcode` varchar(5) NOT NULL,
  `EmployeeType` varchar(255) NOT NULL,
  PRIMARY KEY (`Username`),
  UNIQUE KEY `Phone_UNIQUE` (`Phone`),
  UNIQUE KEY `EmployeeID_UNIQUE` (`EmployeeID`),
  CONSTRAINT `Username` FOREIGN KEY (`Username`) REFERENCES `allusers` (`Username`) ON DELETE CASCADE ON UPDATE CASCADE
) ENGINE=InnoDB DEFAULT CHARSET=latin1;
/*!40101 SET character_set_client = @saved_cs_client */;

--
-- Dumping data for table `employee`
--

LOCK TABLES `employee` WRITE;
/*!40000 ALTER TABLE `employee` DISABLE KEYS */;
INSERT INTO `employee` VALUES ('david.smith','5','5124776435','350 Ferst Drive','Atlanta','GA','30332','Manager'),('james.smith','1','4043721234','123 East Main Street','Rochester','NY','14604','Admin'),('manager1','6','8045126767','123 East Main Street','Rochester','NY','14604','Manager'),('manager2','7','9876543210','123 East Main Street','Rochester','NY','14604','Manager'),('manager3','8','5432167890','350 Ferst Drive','Atlanta','GA','30332','Manager'),('manager4','9','8053467565','123 East Main Street','Columbus','OH','43215','Manager'),('manager5','10','8031446782','801 Atlantic Drive','Atlanta','GA','30332','Manager'),('maria.garcia','4','7890123456','123 East Main Street','Richland','PA','17987','Manager'),('michael.smith','2','4043726789','350 Ferst Drive','Atlanta','GA','30332','Staff'),('robert.smith','3','1234567890','123 East Main Street','Columbus','OH','43215','Staff'),('staff1','11','8024456765','266 Ferst Drive Northwest','Atlanta','GA','30332','Staff'),('staff2','12','8888888888','266 Ferst Drive Northwest','Atlanta','GA','30332','Staff'),('staff3','13','3333333333','801 Atlantic Drive','Atlanta','GA','30332','Staff');
/*!40000 ALTER TABLE `employee` ENABLE KEYS */;
UNLOCK TABLES;

--
-- Table structure for table `site`
--

DROP TABLE IF EXISTS `site`;
/*!40101 SET @saved_cs_client     = @@character_set_client */;
/*!40101 SET character_set_client = utf8 */;
CREATE TABLE `site` (
  `SiteName` varchar(255) NOT NULL,
  `SiteAddress` varchar(255) NOT NULL DEFAULT 'NONE',
  `SiteZipcode` int(5) NOT NULL,
  `OpenEveryday` enum('Yes','No') NOT NULL,
  `ManagerUsername` varchar(255) NOT NULL DEFAULT 'NONE',
  PRIMARY KEY (`SiteName`)
) ENGINE=InnoDB DEFAULT CHARSET=latin1;
/*!40101 SET character_set_client = @saved_cs_client */;

--
-- Dumping data for table `site`
--

LOCK TABLES `site` WRITE;
/*!40000 ALTER TABLE `site` DISABLE KEYS */;
INSERT INTO `site` VALUES ('Atlanta Beltline Center','112 Krog Street Northeast',30307,'No','manager3'),('Historic Fourth Ward Park','680 Dallas Street Northeast',30308,'Yes','manager4'),('Inman Park','',30307,'Yes','david.smith'),('Piedmont Park','400 Park Drive Northeast',30306,'Yes','manager2'),('Westview Cemetery','1680 Westview Drive Southwest',30310,'No','manager5');
/*!40000 ALTER TABLE `site` ENABLE KEYS */;
UNLOCK TABLES;

--
-- Table structure for table `taketransit`
--

DROP TABLE IF EXISTS `taketransit`;
/*!40101 SET @saved_cs_client     = @@character_set_client */;
/*!40101 SET character_set_client = utf8 */;
CREATE TABLE `taketransit` (
  `Username` varchar(255) NOT NULL,
  `TransitType` enum('MARTA','Bike','Bus') NOT NULL,
  `TransitRoute` varchar(255) NOT NULL,
  `TransitDate` datetime NOT NULL,
  PRIMARY KEY (`TransitType`,`TransitDate`,`TransitRoute`,`Username`)
) ENGINE=InnoDB DEFAULT CHARSET=latin1;
/*!40101 SET character_set_client = @saved_cs_client */;

--
-- Dumping data for table `taketransit`
--

LOCK TABLES `taketransit` WRITE;
/*!40000 ALTER TABLE `taketransit` DISABLE KEYS */;
INSERT INTO `taketransit` VALUES ('manager2','MARTA','Blue','2019-03-20 00:00:00'),('manager2','MARTA','Blue','2019-03-21 00:00:00'),('visitor1','MARTA','Blue','2019-03-21 00:00:00'),('manager2','MARTA','Blue','2019-03-22 00:00:00'),('manager3','Bike','Relay','2019-03-20 00:00:00'),('maria.hernandez','Bike','Relay','2019-03-20 00:00:00'),('mary.smith','Bike','Relay','2019-03-23 00:00:00'),('manager2','Bus','152','2019-03-20 00:00:00'),('maria.hernandez','Bus','152','2019-03-20 00:00:00'),('maria.hernandez','Bus','152','2019-03-22 00:00:00');
/*!40000 ALTER TABLE `taketransit` ENABLE KEYS */;
UNLOCK TABLES;

--
-- Table structure for table `tempmail`
--

DROP TABLE IF EXISTS `tempmail`;
/*!40101 SET @saved_cs_client     = @@character_set_client */;
/*!40101 SET character_set_client = utf8 */;
CREATE TABLE `tempmail` (
  `Email` varchar(255) NOT NULL,
  PRIMARY KEY (`Email`),
  UNIQUE KEY `Email_UNIQUE` (`Email`)
) ENGINE=InnoDB DEFAULT CHARSET=latin1;
/*!40101 SET character_set_client = @saved_cs_client */;

--
-- Dumping data for table `tempmail`
--

LOCK TABLES `tempmail` WRITE;
/*!40000 ALTER TABLE `tempmail` DISABLE KEYS */;
/*!40000 ALTER TABLE `tempmail` ENABLE KEYS */;
UNLOCK TABLES;

--
-- Table structure for table `transit`
--

DROP TABLE IF EXISTS `transit`;
/*!40101 SET @saved_cs_client     = @@character_set_client */;
/*!40101 SET character_set_client = utf8 */;
CREATE TABLE `transit` (
  `TransitType` varchar(255) NOT NULL,
  `TransitRoute` varchar(255) NOT NULL,
  `TransitPrice` double NOT NULL,
  PRIMARY KEY (`TransitType`,`TransitRoute`)
) ENGINE=InnoDB DEFAULT CHARSET=latin1;
/*!40101 SET character_set_client = @saved_cs_client */;

--
-- Dumping data for table `transit`
--

LOCK TABLES `transit` WRITE;
/*!40000 ALTER TABLE `transit` DISABLE KEYS */;
INSERT INTO `transit` VALUES ('Bike','Relay',1),('Bus','152',2),('MARTA','Blue',2);
/*!40000 ALTER TABLE `transit` ENABLE KEYS */;
UNLOCK TABLES;

--
-- Table structure for table `useremail`
--

DROP TABLE IF EXISTS `useremail`;
/*!40101 SET @saved_cs_client     = @@character_set_client */;
/*!40101 SET character_set_client = utf8 */;
CREATE TABLE `useremail` (
  `Username` varchar(255) NOT NULL,
  `Email` varchar(255) NOT NULL DEFAULT 'NONE',
  UNIQUE KEY `Email_UNIQUE` (`Email`)
) ENGINE=InnoDB DEFAULT CHARSET=latin1;
/*!40101 SET character_set_client = @saved_cs_client */;

--
-- Dumping data for table `useremail`
--

LOCK TABLES `useremail` WRITE;
/*!40000 ALTER TABLE `useremail` DISABLE KEYS */;
INSERT INTO `useremail` VALUES ('david.smith','dsmith@outlook.com'),('james.smith','jsmith@gatech.edu'),('james.smith','jsmith@gmail.com'),('james.smith','jsmith@hotmail.com'),('james.smith','jsmith@outlook.com'),('manager1','m1@beltline.com'),('manager2','m2@beltline.com'),('manager3','m3@beltline.com'),('manager4','m4@beltline.com'),('manager5','m5@beltline.com'),('mary.smith','mary@outlook.com'),('maria.garcia','mgarcia@gatech.edu'),('maria.garcia','mgarcia@yahoo.com'),('maria.hernandez','mh123@gmail.com'),('maria.hernandez','mh@gatech.edu'),('maria.rodriguez','mrodriguez@gmail.com'),('michael.smith','msmith@gmail.com'),('robert.smith','rsmith@hotmail.com'),('staff1','s1@beltline.com'),('staff2','s2@beltline.com'),('staff3','s3@beltline.com'),('user1','u1@beltline.com'),('visitor1','v1@beltline.com');
/*!40000 ALTER TABLE `useremail` ENABLE KEYS */;
UNLOCK TABLES;

--
-- Table structure for table `visitevent`
--

DROP TABLE IF EXISTS `visitevent`;
/*!40101 SET @saved_cs_client     = @@character_set_client */;
/*!40101 SET character_set_client = utf8 */;
CREATE TABLE `visitevent` (
  `VisitorUsername` varchar(255) NOT NULL DEFAULT 'NONE',
  `EventName` varchar(255) NOT NULL DEFAULT 'NONE',
  `StartDate` datetime NOT NULL DEFAULT CURRENT_TIMESTAMP,
  `SiteName` varchar(255) NOT NULL DEFAULT 'NONE',
  `VisitEventDate` datetime NOT NULL DEFAULT CURRENT_TIMESTAMP,
  PRIMARY KEY (`VisitorUsername`,`EventName`,`StartDate`,`SiteName`,`VisitEventDate`)
) ENGINE=InnoDB DEFAULT CHARSET=latin1;
/*!40101 SET character_set_client = @saved_cs_client */;

--
-- Dumping data for table `visitevent`
--

LOCK TABLES `visitevent` WRITE;
/*!40000 ALTER TABLE `visitevent` DISABLE KEYS */;
INSERT INTO `visitevent` VALUES ('manager2','Bus Tour','2019-02-01 00:00:00','Inman Park','2019-02-02 00:00:00'),('manager4','Bus Tour','2019-02-01 00:00:00','Inman Park','2019-02-01 00:00:00'),('manager5','Bus Tour','2019-02-01 00:00:00','Inman Park','2019-02-02 00:00:00'),('maria.garcia','Bus Tour','2019-02-01 00:00:00','Inman Park','2019-02-02 00:00:00'),('mary.smith','Arboretum Walking Tour','2019-02-08 00:00:00','Inman Park','2019-02-10 00:00:00'),('mary.smith','Bus Tour','2019-02-01 00:00:00','Inman Park','2019-02-01 00:00:00'),('mary.smith','Eastside Trail','2019-02-04 00:00:00','Piedmont Park','2019-02-04 00:00:00'),('mary.smith','Eastside Trail','2019-02-13 00:00:00','Historic Fourth Ward Park','2019-02-13 00:00:00'),('mary.smith','Eastside Trail','2019-02-13 00:00:00','Historic Fourth Ward Park','2019-02-14 00:00:00'),('mary.smith','Official Atlanta BeltLine Bike Tour','2019-02-09 00:00:00','Atlanta BeltLine Center','2019-02-10 00:00:00'),('mary.smith','Private Bus Tour','2019-02-01 00:00:00','Inman Park','2019-02-01 00:00:00'),('mary.smith','Private Bus Tour','2019-02-01 00:00:00','Inman Park','2019-02-02 00:00:00'),('mary.smith','Westside Trail','2019-02-18 00:00:00','Westview Cemetery','2019-02-19 00:00:00'),('staff2','Bus Tour','2019-02-01 00:00:00','Inman Park','2019-02-02 00:00:00'),('visitor1','Eastside Trail','2019-02-13 00:00:00','Historic Fourth Ward Park','2019-02-14 00:00:00'),('visitor1','Official Atlanta BeltLine Bike Tour','2019-02-09 00:00:00','Atlanta BeltLine Center','2019-02-10 00:00:00'),('visitor1','Westside Trail','2019-02-18 00:00:00','Westview Cemetery','2019-02-19 00:00:00');
/*!40000 ALTER TABLE `visitevent` ENABLE KEYS */;
UNLOCK TABLES;

--
-- Table structure for table `visitsite`
--

DROP TABLE IF EXISTS `visitsite`;
/*!40101 SET @saved_cs_client     = @@character_set_client */;
/*!40101 SET character_set_client = utf8 */;
CREATE TABLE `visitsite` (
  `VisitorUsername` varchar(255) NOT NULL DEFAULT 'NONE',
  `SiteName` varchar(255) NOT NULL DEFAULT 'NONE',
  `VisitSiteDate` datetime NOT NULL DEFAULT CURRENT_TIMESTAMP,
  PRIMARY KEY (`VisitorUsername`,`SiteName`,`VisitSiteDate`)
) ENGINE=InnoDB DEFAULT CHARSET=latin1;
/*!40101 SET character_set_client = @saved_cs_client */;

--
-- Dumping data for table `visitsite`
--

LOCK TABLES `visitsite` WRITE;
/*!40000 ALTER TABLE `visitsite` DISABLE KEYS */;
INSERT INTO `visitsite` VALUES ('mary.smith','Atlanta BeltLine Center','2019-02-01 00:00:00'),('mary.smith','Atlanta BeltLine Center','2019-02-10 00:00:00'),('mary.smith','Historic Fourth Ward Park','2019-02-02 00:00:00'),('mary.smith','Inman Park','2019-02-01 00:00:00'),('mary.smith','Inman Park','2019-02-02 00:00:00'),('mary.smith','Inman Park','2019-02-03 00:00:00'),('mary.smith','Piedmont Park','2019-02-02 00:00:00'),('visitor1','Atlanta BeltLine Center','2019-02-09 00:00:00'),('visitor1','Atlanta BeltLine Center','2019-02-13 00:00:00'),('visitor1','Historic Fourth Ward Park','2019-02-11 00:00:00'),('visitor1','Inman Park','2019-02-01 00:00:00'),('visitor1','Piedmont Park','2019-02-01 00:00:00'),('visitor1','Piedmont Park','2019-02-11 00:00:00'),('visitor1','Westview Cemetery','2019-02-06 00:00:00');
/*!40000 ALTER TABLE `visitsite` ENABLE KEYS */;
UNLOCK TABLES;
/*!40103 SET TIME_ZONE=@OLD_TIME_ZONE */;

/*!40101 SET SQL_MODE=@OLD_SQL_MODE */;
/*!40014 SET FOREIGN_KEY_CHECKS=@OLD_FOREIGN_KEY_CHECKS */;
/*!40014 SET UNIQUE_CHECKS=@OLD_UNIQUE_CHECKS */;
/*!40101 SET CHARACTER_SET_CLIENT=@OLD_CHARACTER_SET_CLIENT */;
/*!40101 SET CHARACTER_SET_RESULTS=@OLD_CHARACTER_SET_RESULTS */;
/*!40101 SET COLLATION_CONNECTION=@OLD_COLLATION_CONNECTION */;
/*!40111 SET SQL_NOTES=@OLD_SQL_NOTES */;

-- Dump completed on 2019-04-21 23:55:14
